brand,model,row_count,min_price_lkr,median_price_lkr,max_price_lkr,std_price_lkr,min_year,max_year,price_range_lkr,std_to_median_ratio,range_to_median_ratio
SUZUKI,ALTO,388,1850000.0,3177500.0,4357461.24,416662.99620250077,1997,2019,2507461.24,0.13112918841935509,0.7891302092840284
TOYOTA,VITZ,366,3650000.0,6011250.0,10800000.0,1592735.0949842907,1999,2019,7150000.0,0.26495905094352934,1.189436473279268
SUZUKI,WAGON R STINGRAY,281,3546585.384,6831290.323,7850000.0,750704.5836925142,2014,2020,4303414.616,0.10989206258223234,0.6299563351173942
SUZUKI,MARUTI,227,1200000.0,1735000.0,2400000.0,238070.94150448387,1993,2014,1200000.0,0.13721668098241144,0.69164265129683
SUZUKI,SWIFT,208,1990625.0,4827000.0,97980000.0,11251761.069832623,2000,2025,95989375.0,2.331004986499404,19.8859281126994
SUZUKI,WAGON R,203,3743750.0,5800000.0,7600000.0,1067883.4561984665,2002,2020,3856250.0,0.18411783727559766,0.6648706896551724
TOYOTA,AQUA,192,6580000.0,7600000.0,17592000.0,2716964.393834745,2012,2025,11012000.0,0.35749531497825593,1.4489473684210525
PERODUA,VIVA ELITE,168,3212500.0,4086313.5595,4695000.0,319776.5412359596,2007,2013,1482500.0,0.07825550745916997,0.3627964370363684
TOYOTA,AXIO,148,6900000.0,9275000.0,14750000.0,2092141.9672423895,2007,2020,7850000.0,0.22556786708812823,0.8463611859838275
TOYOTA,PRIUS,131,6075000.0,9985000.0,27364000.0,6291637.97734364,2007,2025,21289000.0,0.6301089611761282,2.132098147220831
NISSAN,FB15,122,2425000.0,3925000.0,5425000.0,507416.2315717975,1998,2021,3000000.0,0.12927802078262357,0.7643312101910829
SUZUKI,ALTO JAPAN,117,1695000.0,5150000.0,5600000.0,1023791.0343650118,1998,2018,3905000.0,0.19879437560485666,0.7582524271844661
TOYOTA,PREMIO G SUPERIOR,112,9250000.0,13225000.0,19850000.0,2832085.879444665,2007,2020,10600000.0,0.21414638029827332,0.8015122873345936
MICRO,PANDA,110,1646040.21,2605600.0,3425830.42,374646.85221898684,2000,2018,1779790.21,0.143785251849473,0.6830634824992324
TOYOTA,PREMIO,109,3725000.0,13250000.0,21000000.0,3910817.5548247444,1998,2019,17275000.0,0.2951560418735656,1.3037735849056604
TOYOTA,YARIS,105,5612500.0,7292500.0,9480000.0,1185664.7292987858,2006,2025,3867500.0,0.16258686723329252,0.5303393897840247
SUZUKI,WAGON R FZ,101,5150000.0,6275000.0,6990000.0,559813.2980090762,2014,2019,1840000.0,0.0892132745831197,0.2932270916334661
HONDA,FIT GP5,90,6893750.0,8155384.615,9443750.0,554428.6315337737,2013,2024,2550000.0,0.06798313724088827,0.3126768534386284
HONDA,FIT GP1,84,5706875.0,6602903.226,7300000.0,323243.99149776105,2010,2014,1593125.0,0.048954827964907244,0.24127644241805826
SUZUKI,ALTO K10,77,2450000.0,3861363.636,68770000.0,26738958.09222183,2000,2025,66320000.0,6.924744886218696,17.175279577838754
TOYOTA,COROLLA,73,625000.0,3350000.0,20850000.0,7565246.430790069,1984,2025,20225000.0,2.2582825166537517,6.037313432835821
NISSAN,FB14,72,1759375.0,2555000.0,3384375.0,350875.65054536104,1993,2003,1625000.0,0.13732902173986733,0.6360078277886497
HYUNDAI,ACCENT,70,1755000.0,2325000.0,15454000.0,4223872.345200439,1998,2025,13699000.0,1.8167192882582532,5.892043010752688
TOYOTA,PASSO,67,1375000.0,4800000.0,9581250.0,1598796.975313598,2004,2019,8206250.0,0.33308270319033295,1.7096354166666667
HONDA,FIT,65,5475000.0,12520000.0,16496000.0,2810418.528234925,2007,2025,11021000.0,0.2244743233414477,0.8802715654952077
TOYOTA,ALLION,64,6500000.0,9050000.0,13881250.0,1933047.5755372136,2002,2017,7381250.0,0.21359641718643244,0.8156077348066298
SUZUKI,ALTO 800,63,2865000.0,3310000.0,3705000.0,238348.52466966957,2008,2018,840000.0,0.0720086177249757,0.2537764350453172
SUZUKI,MARUTI 800,63,1137500.0,1760000.0,2175000.0,260050.27868016134,1993,2013,1037500.0,0.14775584015918258,0.5894886363636364
DAIHATSU,MIRA,59,4068750.0,5960000.0,77670000.0,30832330.72899264,1987,2025,73601250.0,5.173209853857825,12.349203020134228
TOYOTA,BELTA,59,5650000.0,6380000.0,7150000.0,328338.7507315232,2006,2012,1500000.0,0.051463754033154105,0.23510971786833856
HONDA,CIVIC,58,425000.0,13800000.0,48632000.0,18299920.20719182,1985,2025,48207000.0,1.32608117443419,3.4932608695652174
SUZUKI,SPACIA,58,5250000.0,6362500.0,8295078.125,860184.0584752965,2015,2018,3045078.125,0.1351959227466085,0.47859774066797645
MITSUBISHI,LANCER BOX,56,440000.0,985000.0,1714910.714,303084.4276999218,1980,1990,1274910.714,0.3076999265989054,1.2943255979695432
SUZUKI,CELERIO,56,4000000.0,4837500.0,5531250.0,299162.00751372904,2014,2018,1531250.0,0.06184227545503443,0.3165374677002584
TOYOTA,CARINA,56,580000.0,2987500.0,5150000.0,1387867.9453198558,1983,2008,4570000.0,0.4645583080568555,1.5297071129707114
TOYOTA,COROLLA 121,55,4600000.0,5500000.0,7163392.857,553049.8496876326,2000,2007,2563392.857,0.10055451812502411,0.4660714285454545
TOYOTA,ALLION 260,54,8000000.0,9725000.0,13061250.0,1475272.5783891175,2007,2019,5061250.0,0.15169897978294267,0.5204370179948586
NISSAN,MARCH K11,52,2040625.0,2800000.0,3195000.0,306311.6069101911,1994,2022,1154375.0,0.1093970024679254,0.4122767857142857
TOYOTA,VIOS,52,3575000.0,4862500.0,6375000.0,779038.3940469648,2003,2011,2800000.0,0.1602135514749542,0.5758354755784062
DAIHATSU,ROCKY,50,11246000.0,13647500.0,16259000.0,1280465.119734678,2023,2025,5013000.0,0.09382415238942501,0.367320021982048
HONDA,CR-V,50,19820000.0,24522000.0,29208000.0,2246009.3731972263,2023,2025,9388000.0,0.09159160644308076,0.38283989886632414
HONDA,ZR-V,50,15212000.0,19322500.0,24460000.0,2314895.9707749737,2023,2025,9248000.0,0.119803129552334,0.4786130159140898
TOYOTA,HARRIER,50,25408000.0,32104500.0,39442000.0,3158225.059253688,2023,2025,14034000.0,0.09837328284987114,0.43713498107741905
TOYOTA,RAIZE,50,12518000.0,14390500.0,16451000.0,1015965.4268583305,2023,2025,3933000.0,0.07059973085426709,0.2733053055835447
SUZUKI,A-STAR,49,2625000.0,3850000.0,4500000.0,444172.3899977944,2010,2013,1875000.0,0.11536945194747907,0.487012987012987
SUZUKI,ESTILO,48,2899375.0,3290000.0,3684375.0,170535.6905607231,2008,2015,785000.0,0.05183455640143559,0.23860182370820668
SUZUKI,WAGON R FX,47,5479375.0,5931190.476,6334375.0,228128.6868707425,2015,2018,855000.0,0.03846254605948732,0.1441531853444391
TOYOTA,VITZ KSP90,47,5090000.0,5500000.0,6060128.676,232561.32524677282,2005,2012,970128.676,0.04228387731759506,0.176387032
SUZUKI,ALTO LXI,46,2250000.0,3225000.0,3650000.0,375778.6684362884,2005,2016,1400000.0,0.11652051734458556,0.43410852713178294
TOYOTA,CAMRY,46,1350000.0,38610500.0,48503000.0,18663208.76496941,1991,2025,47153000.0,0.4833713307253055,1.2212481060851323
NISSAN,DAYZ,44,5150000.0,68740000.0,87670000.0,35893841.90943539,2015,2025,82520000.0,0.5221681976932702,1.200465522257783
PEUGEOT,406,44,1603000.0,2912500.0,26890000.0,7390001.0703406045,1980,2007,25287000.0,2.5373394232929116,8.682231759656652
TATA,NANO,44,1000000.0,1589500.0,2175000.0,383576.34934660967,2011,2017,1175000.0,0.24131887344863773,0.7392261717521234
TOYOTA,ALLION 240,44,6200000.0,7081666.667,8800000.0,672202.5123776973,2002,2007,2600000.0,0.09492151268713439,0.36714521062051564
MICRO,PANDA CROSS,43,2560000.0,2990000.0,3825000.0,348996.77434634086,2012,2018,1265000.0,0.11672132921282302,0.4230769230769231
RENAULT,KWID,43,3002500.0,3216250.0,3462500.0,121023.4594649475,2016,2019,460000.0,0.03762874759889545,0.14302370773416245
HONDA,CITY,41,1817500.0,11772000.0,14255000.0,4890690.55834654,1998,2025,12437500.0,0.41545111776644067,1.0565324498810738
MAZDA,DEMIO,41,875000.0,3200000.0,5875000.0,1754289.3165317858,1997,2010,5000000.0,0.548215411416183,1.5625
MAZDA,FAMILIA,41,500000.0,2395000.0,5175000.0,1205532.2931203868,1985,2004,4675000.0,0.5033537758331469,1.951983298538622
SUZUKI,SWIFT RS,41,8175000.0,11990000.0,14151000.0,1977798.2115344275,2017,2025,5976000.0,0.16495397927726668,0.49841534612176813
SUZUKI,WAGON R FZ SAFETY,41,5275000.0,6350000.0,6995000.0,549595.6909656164,2014,2021,1720000.0,0.0865505025142703,0.27086614173228346
TOYOTA,AQUA G GRADE,41,6650000.0,7525000.0,8200000.0,331620.8559919214,2012,2014,1550000.0,0.044069216743112476,0.2059800664451827
TOYOTA,COROLLA 141,41,5725000.0,6590000.0,7525000.0,465422.67138633045,2007,2012,1800000.0,0.07062559505103648,0.2731411229135053
LAND ROVER,DEFENDER 110 X-DYNAMIC HSE,40,90455000.0,101298000.0,109936000.0,6307106.5679100705,2010,2023,19481000.0,0.062262893323758325,0.19231376730044028
LAND ROVER,DEFENDER OCTA,40,132270000.0,141936500.0,159584000.0,9268498.897596288,2024,2026,27314000.0,0.06530032019668153,0.19243816777220799
LAND ROVER,DISCOVERY 2,40,35040000.0,48235000.0,57540000.0,6698545.575011997,2010,2023,22500000.0,0.13887313309862126,0.4664662589406033
LAND ROVER,FREELANDER 2,40,10031000.0,12985500.0,99930000.0,37505998.12922235,2010,2023,89899000.0,2.888298342707046,6.923029532940587
LAND ROVER,RANGE ROVER EVOQUE,40,12621000.0,18764000.0,24908000.0,3892167.157104914,2010,2023,12287000.0,0.2074273692765356,0.6548177360903858
LAND ROVER,RANGE ROVER L460 AUTOBIOGRAPHY,40,151602000.0,163245000.0,179773000.0,7976957.499452841,2024,2026,28171000.0,0.0488649422613424,0.17256883824925726
LAND ROVER,RANGE ROVER SPORT L461 DYNAMIC HSE,40,120332000.0,135498000.0,149784000.0,9177573.90121046,2024,2026,29452000.0,0.0677321724395228,0.2173611418618725
LAND ROVER,RANGE ROVER VELAR HSE,40,70977000.0,82063000.0,89457000.0,5749380.287173434,2010,2023,18480000.0,0.07006056672524077,0.22519283964758782
TESLA,CYBERTRUCK AWD,40,63656000.0,71861000.0,84788000.0,5154632.940996892,2022,2026,21132000.0,0.07173060409675473,0.29406771405908627
TESLA,CYBERTRUCK CYBERBEAST,40,90638000.0,109366500.0,124653000.0,9440396.245893871,2022,2026,34015000.0,0.08631890246002086,0.31101845629146035
TESLA,MODEL 3 HIGHLAND LONG RANGE,40,28774000.0,31945000.0,33897000.0,1307004.7316631041,2022,2026,5123000.0,0.04091421917868537,0.16036938488026295
TESLA,MODEL 3 HIGHLAND PERFORMANCE,40,31207000.0,34399500.0,36856000.0,1552939.862127505,2022,2026,5649000.0,0.045144256809764825,0.16421750316138317
TESLA,MODEL 3 HIGHLAND RWD,40,24707000.0,27293500.0,28890000.0,1078493.2268607991,2022,2026,4183000.0,0.039514654656266114,0.15325993368384414
TESLA,MODEL S DUAL MOTOR,40,43446000.0,49922500.0,54707000.0,2588250.1162180156,2022,2026,11261000.0,0.051845362636446804,0.22556963293104312
TESLA,MODEL S PLAID,40,53711000.0,57806000.0,64270000.0,2850340.978140451,2022,2026,10559000.0,0.04930873919905288,0.18266269937376742
TESLA,MODEL X DUAL MOTOR,40,46511000.0,53191000.0,57502000.0,2545474.5553981606,2022,2026,10991000.0,0.047855361910815,0.20663270102084938
TESLA,MODEL X PLAID,40,53136000.0,62004500.0,67494000.0,4122248.421130491,2022,2026,14358000.0,0.06648305237733537,0.23156383810852438
TESLA,MODEL Y HIGHLAND LONG RANGE,40,29294000.0,33565000.0,35769000.0,1519364.8799618662,2022,2026,6475000.0,0.04526634529902774,0.19290928050052136
TESLA,MODEL Y HIGHLAND PERFORMANCE,40,33024000.0,36923500.0,39050000.0,1473421.7786569148,2022,2026,6026000.0,0.03990471593042141,0.163202296640351
TESLA,MODEL Y HIGHLAND RWD,40,24968000.0,28128000.0,30369000.0,1419880.051813693,2022,2026,5401000.0,0.050479239612261556,0.1920150739476678
AUDI,A4,39,3150000.0,23407000.0,27731000.0,6991884.942265853,1999,2025,24581000.0,0.2987091443698831,1.0501559362583843
CHERY,QQ,39,857500.0,1285000.0,1837500.0,241899.13681540452,2006,2017,980000.0,0.18824835549836927,0.7626459143968871
NISSAN,N16,39,2262500.0,3690000.0,5382500.0,721447.619534084,1999,2011,3120000.0,0.19551426003633712,0.8455284552845529
TOYOTA,AXIO WXB,39,12600000.0,13900000.0,15990000.0,1072138.023326463,2016,2019,3390000.0,0.07713223189399016,0.24388489208633093
KIA,RIO,38,1170625.0,2162500.0,3265625.0,536988.1873311175,2000,2021,2095000.0,0.24831823691612367,0.96878612716763
TOYOTA,AXIO G GRADE,38,7350000.0,9450000.0,12200000.0,1747941.4629933278,2006,2016,4850000.0,0.18496735058130453,0.5132275132275133
TOYOTA,STARLET,37,1050000.0,2850000.0,3980000.0,841076.5704198473,1982,2002,2930000.0,0.29511458611222713,1.0280701754385966
HONDA,GRACE,36,7575000.0,10437500.0,12725000.0,1177616.2311650324,2014,2018,5150000.0,0.11282550717748813,0.4934131736526946
HONDA,INSIGHT,36,6400000.0,7250000.0,8931250.0,544052.8805073451,2009,2013,2531250.0,0.07504177662170276,0.34913793103448276
BAIC,BJ30 HYBRID,35,14568000.0,16003000.0,17254000.0,726591.0851655289,2024,2026,2686000.0,0.0454034296797806,0.1678435293382491
BAIC,BJ40 PLUS,35,12624000.0,14282000.0,16191000.0,938485.9628790446,2024,2026,3567000.0,0.06571110228812803,0.2497549362834337
BAIC,EU5 SEDAN,35,12325000.0,13605000.0,15393000.0,997111.8106938706,2024,2026,3068000.0,0.07329010001424996,0.22550532892319
BAIC,X55 II HONOUR,35,14117000.0,15426000.0,16410000.0,683171.3455605101,2024,2026,2293000.0,0.04428700541686179,0.14864514456113057
BAIC,X55 II LUXURY,35,12169000.0,13903000.0,14772000.0,596447.4802014454,2024,2026,2603000.0,0.042900631532866676,0.18722577860893333
BAW,E6 EV,35,4029000.0,4660000.0,4999000.0,218337.53839472702,2024,2026,970000.0,0.046853549011743996,0.20815450643776823
BAW,E7 EV,35,4276000.0,4823000.0,5136000.0,224932.32222122228,2024,2026,860000.0,0.04663742944665608,0.1783122537839519
BAW,E7 PRO,35,5292000.0,6004000.0,6460000.0,320795.458275862,2024,2026,1168000.0,0.053430289519630574,0.19453697534976683
BAW,M8 REEV MPV,35,20181000.0,21749000.0,23497000.0,877416.085192551,2024,2026,3316000.0,0.040342824276635755,0.15246678008184283
DEEPAL,E07 PREMIUM,35,27816000.0,30842000.0,32396000.0,1223263.3665182414,2024,2026,4580000.0,0.0396622581712678,0.1484988003372025
DEEPAL,L07 RWD,35,16950000.0,18250000.0,19390000.0,736242.2612339589,2024,2026,2440000.0,0.040342041711449804,0.1336986301369863
DEEPAL,LUMIN STANDARD,35,6189000.0,7080000.0,7435000.0,350069.7889605121,2024,2026,1246000.0,0.049444885446400015,0.17598870056497176
DEEPAL,S05 MAX,35,14950000.0,17033000.0,18433000.0,967712.9479240368,2024,2026,3483000.0,0.056814005044562715,0.2044854106733987
DEEPAL,S07 RWD,35,17382000.0,19566000.0,20949000.0,1086389.1985638938,2024,2026,3567000.0,0.05552433806418756,0.18230604109168966
DFSK,GLORY 330,35,4115000.0,5806000.0,7830000.0,1294166.7271441729,2016,2023,3715000.0,0.22290160646644383,0.6398553220806062
DFSK,GLORY 330 COMFORT,35,8008000.0,8270000.0,8491000.0,163366.77300175946,2020,2024,483000.0,0.019754144256561,0.05840386940749698
DFSK,GLORY 330 LUXURY,35,8530000.0,9087000.0,9497000.0,318622.4735831874,2024,2026,967000.0,0.03506354942040139,0.1064157587762738
DFSK,GLORY 580,35,7450000.0,8336000.0,9450000.0,607290.6465702932,2018,2023,2000000.0,0.07285156508760715,0.2399232245681382
DFSK,GLORY 580 PRO,35,8578000.0,9552000.0,10979000.0,793113.910879296,2018,2023,2401000.0,0.08303118832488443,0.2513609715242881
DFSK,GLORY I-AUTO,35,9806000.0,11799000.0,14723000.0,1571304.9370004588,2020,2024,4917000.0,0.13317272116284928,0.4167302313755403
DFSK,GLORY I-AUTO LIMITED EDITION,35,16144000.0,16542000.0,16786000.0,211515.13444867329,2024,2026,642000.0,0.012786551471930438,0.038810301051867974
GAC,AION ES,35,13693000.0,14733000.0,15714000.0,646854.5782308038,2024,2026,2021000.0,0.04390515022268403,0.13717504920925813
GAC,AION V QUATTRO,35,13958000.0,16048000.0,17444000.0,1101571.024804608,2024,2026,3486000.0,0.06864226226349751,0.2172233300099701
GAC,AION Y,35,13352000.0,15548000.0,16676000.0,851373.6680735877,2024,2026,3324000.0,0.05475776100293206,0.21378955492667867
GAC,E9 PHEV LUXURY,35,23242000.0,25609000.0,27976000.0,1496414.59619234,2024,2026,4734000.0,0.058433152258672336,0.18485688625092742
HAVAL,H6 GT,35,20311000.0,22848000.0,24412000.0,944864.6490593337,2024,2026,4101000.0,0.04135437014440361,0.1794905462184874
HAVAL,H6 HEV,35,17906000.0,19791000.0,21311000.0,901760.0232300141,2024,2026,3405000.0,0.04556414649234572,0.172047900560861
HAVAL,JOLION HEV,35,16069000.0,18069000.0,19403000.0,787201.7530468283,2024,2026,3334000.0,0.04356642609147315,0.18451491504787204
HAVAL,JOLION PREMIUM,35,13480000.0,15248000.0,16281000.0,601547.7278716658,2024,2026,2801000.0,0.03945092653932751,0.18369622245540398
JAECOO,C5 CROSSOVER,35,13906000.0,15820000.0,17235000.0,839492.485739715,2024,2026,3329000.0,0.053065264585317004,0.2104298356510746
JAECOO,J6 EV,35,16827000.0,19606000.0,20973000.0,1109340.7891872635,2024,2026,4146000.0,0.05658169892824969,0.2114658777925125
JAECOO,J7 PHEV,35,19498000.0,22178000.0,23418000.0,949803.1003380453,2024,2026,3920000.0,0.0428263639795313,0.17675173595454954
JETOUR,DASHING,35,14965000.0,17196000.0,17737000.0,748240.8422314252,2024,2026,2772000.0,0.04351249373292773,0.1612002791346825
JETOUR,T1 PHEV,35,19346000.0,21999000.0,23423000.0,961489.2728724225,2024,2026,4077000.0,0.043706044496223576,0.18532660575480703
JETOUR,T2 TRAVELER,35,20917000.0,23048000.0,24499000.0,1151259.2718082066,2024,2026,3582000.0,0.04995050641305999,0.155414786532454
JETOUR,X70 PLUS,35,16331000.0,18900000.0,19743000.0,818556.5877781202,2024,2026,3412000.0,0.04330987236921271,0.18052910052910054
NISSAN,FB13,35,1143750.0,1780000.0,2250000.0,286983.53495501046,1990,1998,1106250.0,0.16122670503090475,0.6214887640449438
PEUGEOT,2008 GT,35,20967000.0,22084000.0,23455000.0,642706.1785394393,2024,2026,2488000.0,0.029102797434316218,0.11266074986415504
PEUGEOT,206,35,1562000.0,2868000.0,24570000.0,6550122.876132704,1980,2008,23008000.0,2.2838643222220028,8.02231520223152
PEUGEOT,3008 ALLURE,35,13914000.0,15098000.0,16080000.0,566715.7884459797,2024,2026,2166000.0,0.037535818548548136,0.143462710292754
PEUGEOT,3008 GT,35,31439000.0,33364000.0,34480000.0,968370.6127808075,2024,2026,3041000.0,0.029024415920777112,0.0911461455460976
PEUGEOT,5008 ALLURE,35,15323000.0,16448000.0,17466000.0,567075.1465623738,2024,2026,2143000.0,0.03447684500014432,0.13028939688715954
PEUGEOT,5008 GT,35,34293000.0,36962000.0,38460000.0,1284906.462279154,2024,2026,4167000.0,0.03476290412529501,0.11273740598452464
PEUGEOT,RCZ,35,10024000.0,11410000.0,98380000.0,39973685.46076239,2012,2015,88356000.0,3.5033904873586668,7.74373356704645
SUZUKI,WAGON R STINGRAY J STYLE,35,5567361.111,5724545.455,5839583.333,77932.80872037435,2006,2016,272222.22200000007,0.013613798568461948,0.04755350868290032
HONDA,GRACE EX,34,7582500.0,10409583.335,12100000.0,1040936.9984125358,2014,2017,4517500.0,0.09999795043790152,0.4339751030006044
PEUGEOT,407,34,1517000.0,3862000.0,45920000.0,15396864.011122696,1980,2008,44403000.0,3.986759195008466,11.497410668047644
DAIHATSU,MOVE,33,3936250.0,71470000.0,87400000.0,29900756.140199564,2006,2025,83463750.0,0.418367932561908,1.1678151672030221
TOYOTA,WIGO,33,6400000.0,7291000.0,7970000.0,419415.7417097498,2017,2025,1570000.0,0.05752513258945958,0.21533397339185298
AUDI,A6,32,4800000.0,38357000.0,44554000.0,11569681.640263768,2001,2025,39754000.0,0.30163155721938023,1.0364209922569545
KIA,PICANTO,32,3393125.0,5593235.294,6875000.0,989910.727507134,2004,2017,3481875.0,0.17698356594599826,0.6225153809880111
NISSAN,PULSAR,32,825000.0,2394166.6665000003,3650000.0,737909.2278335817,1982,2000,2825000.0,0.3082113029801393,1.1799512705311486
LAND ROVER,DEFENDER 110 CLASSIC,31,56030000.0,74620000.0,92450000.0,11185098.035534427,1980,1994,36420000.0,0.1498941039337232,0.48807290270704906
NISSAN,MARCH,31,1806250.0,2850000.0,3636250.0,542311.6270430211,1988,2020,1830000.0,0.19028478141860392,0.6421052631578947
PEUGEOT,504,31,875000.0,2981000.0,17580000.0,3982280.0617639367,1980,2007,16705000.0,1.3358873068647892,5.603824220060383
TOYOTA,110,31,1650000.0,3245416.667,4500000.0,653340.8577689977,1996,2008,2850000.0,0.2013118575535428,0.8781615097313482
TOYOTA,COROLLA 110,31,2108750.0,3250000.0,4275000.0,453093.92672603,1995,2001,2166250.0,0.13941351591570153,0.6665384615384615
BMW,3 SERIES,30,27926000.0,32618000.0,37431000.0,2901791.5583783523,2024,2025,9505000.0,0.08896289037888136,0.2914035195290944
BMW,5 SERIES,30,32595000.0,38612000.0,48558000.0,5090957.714136548,2024,2025,15963000.0,0.13184910686150803,0.41342069822853
BMW,X1,30,23478000.0,27608500.0,32819000.0,2367543.050622676,2024,2025,9341000.0,0.08575413552430143,0.3383378307405328
FORD,FORD RANGER,30,22013000.0,25979500.0,31618000.0,2758709.410067579,2024,2025,9605000.0,0.10618793318068395,0.36971458265170615
FORD,RANGER,30,24675000.0,29887500.0,37100000.0,3436753.967697246,2024,2025,12425000.0,0.11498967687820146,0.41572563780844835
FORD,RANGER MS-RT,30,28827000.0,31624500.0,33365000.0,1194996.2828778813,2024,2025,4538000.0,0.037787041150939345,0.14349633986308083
FORD,RANGER RAPTOR,30,28710000.0,31669500.0,37793000.0,2249527.1646210044,2024,2025,9083000.0,0.07103134449931335,0.2868059173652884
FORD,RANGER STORMTRAK,30,26510000.0,29067500.0,30875000.0,1200522.69459177,2024,2025,4365000.0,0.04130120218772753,0.15016771308162036
FORD,TERRITORY,30,16539000.0,18416500.0,20729000.0,966530.808328568,2024,2025,4190000.0,0.05248178580775761,0.22751337116172998
MERCEDES-BENZ,GLB,30,18384000.0,23952000.0,31342000.0,3829681.5185251804,2024,2025,12958000.0,0.15988984295779812,0.540998663994656
TOYOTA,IST,30,4500000.0,5410000.0,10325000.0,1347033.1916995326,2002,2023,5825000.0,0.2489894993899321,1.076709796672828
AUDI,A3,29,13900000.0,17840000.0,19818000.0,1724241.065289749,2018,2025,5918000.0,0.0966502839287976,0.3317264573991031
LAND ROVER,DISCOVERY SPORT,29,25746000.0,35844000.0,48919000.0,7226533.044097871,2010,2023,23173000.0,0.20161067526218812,0.6464959267938846
MITSUBISHI,LANCER,29,375000.0,1150000.0,2387500.0,621233.910507678,1980,2012,2012500.0,0.5402034004414592,1.75
NISSAN,BLUEBIRD,29,700000.0,2300000.0,4050000.0,889241.3590141211,1982,2004,3350000.0,0.3866266778322266,1.4565217391304348
AUDI,A3 SPORTBACK,28,12500000.0,18171500.0,20361000.0,1758248.7589680518,2017,2025,7861000.0,0.09675859224434151,0.43260050078419504
NISSAN,SUNNY,28,635000.0,1787500.0,4375000.0,1138311.4920398777,1982,2003,3740000.0,0.636817617924407,2.0923076923076924
TOYOTA,AQUA S GRADE,28,6590000.0,7671000.0,8650000.0,590131.3158536922,2012,2015,2060000.0,0.07693016762530208,0.2685438665102333
TOYOTA,CROWN,28,1600000.0,42432500.0,49908000.0,15304416.5485366,1981,2025,48308000.0,0.3606767583464703,1.1384669769634124
NISSAN,B11,27,550000.0,780000.0,1462500.0,273527.25818218006,1983,1989,912500.0,0.350675972028436,1.169871794871795
NISSAN,LEAF,27,3975000.0,5350000.0,7423750.0,993913.7984439086,2012,2018,3448750.0,0.18577828008297356,0.6446261682242991
NISSAN,TRAD SUNNY,27,1038750.0,1425000.0,1630000.0,178611.97234064917,1986,1997,591250.0,0.12534173497589415,0.4149122807017544
TOYOTA,ROOMY,27,8490000.0,11862000.0,13740000.0,1097603.1319778734,2017,2025,5250000.0,0.0925310345622891,0.4425897824987355
LAND ROVER,DEFENDER 90 CLASSIC,26,46040000.0,62165000.0,83820000.0,12137222.600806927,1980,1994,37780000.0,0.19524205904941572,0.6077374728545001
LAND ROVER,DISCOVERY 1,26,25430000.0,35995000.0,47830000.0,7565707.338938081,1980,1995,22400000.0,0.21018772993299292,0.6223086539797194
LAND ROVER,RANGE ROVER CLASSIC,26,35590000.0,43365000.0,65310000.0,8075089.835175449,1980,1995,29720000.0,0.1862121488568073,0.6853453245705061
NISSAN,AD WAGON,26,650000.0,2250000.0,3000000.0,805634.3919585668,1983,2003,2350000.0,0.35805972975936307,1.0444444444444445
NISSAN,NOTE E-POWER,26,8700000.0,14321000.0,16304000.0,1528813.4765738584,2017,2025,7604000.0,0.10675326280105149,0.5309685077857691
AUDI,A3 SEDAN,25,16928000.0,18900000.0,21248000.0,1158805.2640543198,2023,2025,4320000.0,0.06131244783356189,0.22857142857142856
AUDI,A4 PREMIUM PLUS,25,21855000.0,25728000.0,28212000.0,1889589.4995121723,2023,2025,6357000.0,0.07344486549720819,0.2470848880597015
AUDI,A5 PREMIUM PLUS,25,26288000.0,29756000.0,34185000.0,2091461.9304846711,2023,2025,7897000.0,0.07028706581814327,0.26539185374378277
AUDI,A6 EXECUTIVE,25,34347000.0,37269000.0,44742000.0,2721074.2866252945,2023,2025,10395000.0,0.07301173325351618,0.27891813571601065
AUDI,Q3 SPORTBACK,25,18534000.0,21024000.0,23674000.0,1341803.9995965625,2023,2025,5140000.0,0.06382248856528551,0.24448249619482496
AUDI,Q3 SPORTBACK PREMIUM,25,18528000.0,20763000.0,23817000.0,1393579.829073312,2023,2025,5289000.0,0.06711842359357087,0.2547319751481
AUDI,Q3 SPORTBACK S LINE,25,22168000.0,25488000.0,28347000.0,1592275.7560590226,2023,2025,6179000.0,0.06247158490501501,0.2424278091650973
AUDI,Q5,25,29552000.0,34486000.0,40609000.0,2705250.202846309,2023,2025,11057000.0,0.07844488206362898,0.3206228614510236
AUDI,Q5 SPORT,25,31910000.0,35184000.0,40035000.0,2272722.0815577074,2023,2025,8125000.0,0.06459532973958923,0.2309288312869486
AUDI,Q5 STANDARD,25,28690000.0,32605000.0,35276000.0,1923683.4259652318,2023,2025,6586000.0,0.058999645022703016,0.2019935592700506
AUDI,Q6 E-TRON QUATTRO,25,43350000.0,47292000.0,50930000.0,2252043.2559492835,2024,2025,7580000.0,0.04761996227584546,0.16028080859341962
BMW,1 SERIES 118I,25,16172000.0,19101000.0,21151000.0,1165414.6658307225,2023,2026,4979000.0,0.06101328023824525,0.26066698078634626
BMW,1 SERIES 120I,25,19685000.0,21312000.0,23608000.0,1055698.7812187085,2023,2026,3923000.0,0.04953541578541237,0.1840746996996997
BMW,3 SERIES 320I,25,24981000.0,28204000.0,31793000.0,1897127.528660106,2023,2026,6812000.0,0.0672644847773403,0.24152602467735074
BMW,3 SERIES 330E,25,28371000.0,32272000.0,35827000.0,1946364.809929869,2023,2026,7456000.0,0.06031125464581894,0.23103619236489836
BMW,3 SERIES 330I,25,30051000.0,34549000.0,37478000.0,2046173.353685687,2023,2026,7427000.0,0.05922525554099068,0.2149700425482648
BMW,5 SERIES 520I,25,29724000.0,32972000.0,37588000.0,2266999.1530655655,2023,2026,7864000.0,0.06875528184719051,0.23850539851995634
BMW,5 SERIES 530E,25,33499000.0,38870000.0,41686000.0,2569040.4998753923,2023,2026,8187000.0,0.06609314380950328,0.21062516079238489
BMW,5 SERIES 540I,25,41982000.0,45282000.0,49106000.0,1898279.3024210108,2024,2026,7124000.0,0.04192127782388169,0.15732520648381254
BMW,7 SERIES 740I,25,68851000.0,74761000.0,84226000.0,4129781.3654801087,2023,2026,15375000.0,0.0552397823127046,0.2056553550648065
BMW,7 SERIES 750E,25,75041000.0,85940000.0,93240000.0,5574266.547268797,2023,2026,18199000.0,0.06486230564659992,0.21176402141028625
BMW,IX XDRIVE40,25,39550000.0,45551000.0,51935000.0,4037196.448031725,2023,2026,12385000.0,0.08863024846944578,0.27189304296283284
BMW,IX XDRIVE50,25,48505000.0,55456000.0,64987000.0,4174289.5970452237,2023,2026,16482000.0,0.07527210035064237,0.2972085978072706
BMW,X1 M SPORT,25,23725000.0,25927000.0,30899000.0,1812309.582641258,2023,2026,7174000.0,0.0699004737393936,0.2766999652871524
BMW,X1 M SPORT PRO,25,26675000.0,28931000.0,32988000.0,1910562.7225157158,2023,2026,6313000.0,0.06603859951317673,0.2182088417268674
BMW,X1 SDRIVE18I,25,21592000.0,24855000.0,27220000.0,1460985.3980561676,2023,2026,5628000.0,0.058780341905297434,0.2264333132166566
BMW,X5 XDRIVE40I,25,55205000.0,62365000.0,67815000.0,3691702.677627225,2023,2026,12610000.0,0.059195104267252864,0.20219674496913334
BMW,X5 XDRIVE50E,25,60544000.0,69480000.0,74418000.0,4514635.912599523,2023,2026,13874000.0,0.0649774886672355,0.19968336211859528
BYD,ATTO 1 DYNAMIC,25,7311000.0,8009000.0,8649000.0,372148.4918685007,2023,2026,1338000.0,0.046466286910787954,0.1670620551879136
BYD,ATTO 1 PREMIUM,25,8152000.0,9221000.0,9792000.0,470650.3231345618,2023,2026,1640000.0,0.051041136876104745,0.17785489643205726
BYD,ATTO 2 PREMIUM,25,12006000.0,13067000.0,13839000.0,447660.317651677,2023,2026,1833000.0,0.03425884423752024,0.14027703374913905
BYD,ATTO 3 ADVANCE,25,12859000.0,14737000.0,15452000.0,716175.6372101293,2023,2026,2593000.0,0.0485971118416319,0.17595168623193322
BYD,ATTO 3 SUPERIOR EXTENDED,25,16501000.0,17930000.0,19327000.0,877609.6797551855,2023,2026,2826000.0,0.048946440588688536,0.15761293920803124
BYD,DOLPHIN DYNAMIC,25,9605000.0,10428000.0,11552000.0,530453.0045159524,2023,2026,1947000.0,0.05086814389297588,0.18670886075949367
BYD,DOLPHIN PREMIUM 150,25,18218000.0,20435000.0,21794000.0,1000402.4556813783,2023,2026,3576000.0,0.04895534405096052,0.1749938830437974
BYD,M6,25,13016000.0,14546000.0,16064000.0,907031.1608024641,2023,2026,3048000.0,0.06235605395314617,0.20954214216966863
BYD,SEAL DYNAMIC,25,17093000.0,19443000.0,20912000.0,1089750.991434891,2023,2026,3819000.0,0.05604850030524564,0.1964203055084092
BYD,SEAL PERFORMANCE AWD,25,24872000.0,27684000.0,30709000.0,1556219.9748107593,2023,2026,5837000.0,0.05621369653268167,0.210843808698165
BYD,SEAL PREMIUM,25,21493000.0,23728000.0,25909000.0,1322272.4857859921,2023,2026,4416000.0,0.05572625108673264,0.1861092380310182
BYD,SEALION 6 PREMIUM,25,21859000.0,23987000.0,25661000.0,1152467.6423512558,2023,2026,3802000.0,0.048045509749083073,0.15850252219952474
BYD,SEALION 6 SUPERIOR,25,13279000.0,15457000.0,17055000.0,1139548.5582750153,2023,2026,3776000.0,0.07372378587533256,0.24429061266739988
BYD,SHARK 6,25,21796000.0,24670000.0,26378000.0,1135973.7262219875,2023,2026,4582000.0,0.04604676636489613,0.18573165788406973
DAIHATSU,MIRA E:S,25,61010000.0,68970000.0,79610000.0,4754854.116233923,2023,2025,18600000.0,0.06894090352666264,0.2696824706394084
DAIHATSU,MIRA G SA III,25,67800000.0,75030000.0,84340000.0,5108368.558878004,2023,2025,16540000.0,0.06808434704622156,0.22044515527122485
DAIHATSU,MOVE CUSTOM RS,25,75190000.0,85800000.0,94910000.0,4515340.2603421435,2023,2025,19720000.0,0.052626343360631045,0.22983682983682985
DAIHATSU,ROCKY G TURBO,25,11564000.0,13380000.0,14526000.0,876909.919356981,2023,2025,2962000.0,0.06553885794895224,0.22137518684603885
DAIHATSU,ROCKY PREMIUM G HEV,25,14029000.0,15778000.0,17417000.0,866412.3960332054,2023,2025,3388000.0,0.05491268830226933,0.21472937000887313
DAIHATSU,TAFT,25,10011000.0,84070000.0,96800000.0,26166869.844455346,2023,2025,86789000.0,0.311250979474906,1.0323420958724872
DAIHATSU,TAFT G TURBO,25,10008000.0,83760000.0,99470000.0,42487542.048934765,2023,2025,89462000.0,0.5072533673464036,1.0680754536771728
DAIHATSU,THOR,25,10034000.0,11413000.0,99690000.0,32409235.96178513,2023,2025,89656000.0,2.8396772068505327,7.855603259440988
DAIHATSU,THOR CUSTOM G,25,10668000.0,11661000.0,13296000.0,677460.1267479389,2023,2025,2628000.0,0.05809622903249626,0.22536660663750965
HONDA,CITY RS TURBO,25,13562000.0,14822000.0,16456000.0,908204.110685845,2023,2025,2894000.0,0.06127405955241162,0.19525030360275267
HONDA,VEZEL X,25,14911000.0,15884000.0,17764000.0,873951.7282626848,2023,2025,2853000.0,0.055020884428524604,0.17961470662301687
HONDA,VEZEL X HUNT,25,15145000.0,17040000.0,18081000.0,922295.3702583553,2023,2025,2936000.0,0.05412531515600676,0.17230046948356809
HONDA,VEZEL Z,25,16019000.0,18002000.0,19451000.0,999030.9187741223,2023,2025,3432000.0,0.055495551537280426,0.19064548383512944
HONDA,VEZEL Z PLAY,25,17177000.0,18816000.0,21223000.0,1215274.6603134612,2023,2025,4046000.0,0.06458730124965249,0.21502976190476192
HONDA,VEZEL Z PREMIUM,25,16919000.0,18579000.0,20974000.0,1296720.4106257157,2023,2025,4055000.0,0.06979495186101059,0.2182571720759998
HYUNDAI,ACCENT SEDAN,25,11902000.0,13909000.0,15428000.0,1123865.2988681525,2023,2026,3526000.0,0.0808013012343197,0.25350492486879
HYUNDAI,ALCAZAR PRESTIGE,25,15496000.0,17274000.0,19000000.0,940170.8851763797,2023,2026,3504000.0,0.054426935578116224,0.20284821118443905
HYUNDAI,CRETA EV EV,25,14393000.0,16265000.0,18444000.0,1022478.1692861053,2023,2026,4051000.0,0.06286370545872151,0.2490624039348294
HYUNDAI,CRETA SMART,25,12826000.0,14799000.0,16486000.0,958133.9728868812,2023,2026,3660000.0,0.06474315648941693,0.2473140077032232
HYUNDAI,GRAND I10 ERA,25,76720000.0,87170000.0,97130000.0,5580607.434082183,2023,2026,20410000.0,0.06401981684159898,0.2341401858437536
HYUNDAI,IONIQ 5 EV,25,16434000.0,19236000.0,21566000.0,1336235.4146382043,2023,2026,5132000.0,0.06946534698680622,0.2667914327302974
HYUNDAI,IONIQ 6 EV,25,20853000.0,22941000.0,25759000.0,1366246.943271971,2023,2026,4906000.0,0.059554812051435035,0.213852927073798
HYUNDAI,IONIQ 9 ULTIMATE EV,25,35271000.0,38337000.0,44950000.0,3094343.442476934,2023,2026,9679000.0,0.08071428235065169,0.25247150272582625
HYUNDAI,PALISADE PREMIUM HYBRID,25,31760000.0,35746000.0,40704000.0,2783906.7273647455,2023,2026,8944000.0,0.07788023072133234,0.2502098136854473
HYUNDAI,SANTA FE CALLIGRAPHY HYBRID,25,25466000.0,28969000.0,32705000.0,2197364.070122806,2023,2026,7239000.0,0.07585225828032745,0.24988781110842626
HYUNDAI,TUCSON HYBRID,25,18979000.0,21551000.0,24404000.0,1447408.0131969245,2023,2026,5425000.0,0.06716198845514938,0.2517284580761914
KIA,CARNIVAL,25,25442000.0,29709000.0,35945000.0,2825597.4689730085,2023,2025,10503000.0,0.09510914096647509,0.3535292335655862
KIA,EV3,25,15706000.0,17424000.0,18480000.0,793485.7528651664,2024,2025,2774000.0,0.045539815935787785,0.1592056932966024
KIA,EV5,25,18544000.0,20122000.0,22137000.0,1001771.9717247705,2024,2025,3593000.0,0.04978491063138706,0.17856077924659577
KIA,EV9,25,36414000.0,43551000.0,47116000.0,3104738.3958502337,2024,2025,10702000.0,0.07128971541067332,0.24573488553649744
KIA,SELTOS,25,13059000.0,14140000.0,16365000.0,1031995.0387477628,2023,2025,3306000.0,0.07298409043477813,0.2338048090523338
KIA,SONET LUXURY,25,10864000.0,12229000.0,13359000.0,581504.8724358783,2023,2025,2495000.0,0.0475513020227229,0.20402322348515822
KIA,SONET STANDARD,25,10100000.0,10638000.0,11396000.0,468517.9719071614,2023,2025,1296000.0,0.0440419225331041,0.1218274111675127
KIA,SORENTO HEV,25,26728000.0,29758000.0,32977000.0,2045741.6340616755,2023,2025,6249000.0,0.06874593837158664,0.20999395120639827
KIA,SPORTAGE HEV,25,22063000.0,25711000.0,28396000.0,1818641.777994409,2023,2025,6333000.0,0.07073399626597211,0.24631480689199176
KIA,TASMAN,25,21577000.0,25758000.0,28911000.0,2121071.783320877,2023,2025,7334000.0,0.08234613647491563,0.2847270750834692
LEXUS,LBX COOL,25,17431000.0,18883000.0,21116000.0,966503.3764383182,2023,2025,3685000.0,0.05118378310852715,0.1951490758883652
LEXUS,LS 500H EXECUTIVE,25,50038000.0,57650000.0,63838000.0,3486690.6358322073,2023,2025,13800000.0,0.06048032325814757,0.2393755420641804
LEXUS,LX 600 OVERTRAIL,25,106146000.0,117374000.0,128685000.0,5563187.663261648,2023,2025,22539000.0,0.04739710381568021,0.19202719511987323
LEXUS,LX 600 SPORT LUXURY,25,104620000.0,112645000.0,124981000.0,6533670.024827793,2023,2025,20361000.0,0.05800230835658745,0.18075369523724977
LEXUS,RX 350 F SPORT DESIGN,25,32462000.0,37371000.0,40264000.0,2024572.8125541254,2023,2025,7802000.0,0.05417497023237605,0.208771507318509
LEXUS,RX 350 PREMIUM+,25,31462000.0,34717000.0,38888000.0,1943198.7220388309,2023,2025,7426000.0,0.05597254146495466,0.21390097070599418
LEXUS,RX 450H+ PREMIUM+,25,37206000.0,43140000.0,46877000.0,2930211.7119188965,2023,2025,9671000.0,0.06792331274730869,0.22417709782104775
MAZDA,BT-50 DOUBLE CAB,25,21255000.0,25850000.0,28470000.0,1964026.3601421777,2023,2025,7215000.0,0.0759778089029856,0.27911025145067697
MAZDA,BT-50 HIGH GRADE,25,24547000.0,27787000.0,30788000.0,1594428.7137822541,2023,2025,6241000.0,0.057380383408869404,0.22460143232446828
MAZDA,CX-3 15S URBAN DRESSER,25,11920000.0,13579000.0,14875000.0,848522.7908940736,2023,2025,2955000.0,0.06248787030665539,0.21761543559908683
MAZDA,CX-3 TOURING,25,12656000.0,13676000.0,15435000.0,656174.2019718031,2023,2025,2779000.0,0.047979979670357054,0.2032026908452764
MAZDA,CX-5 GT,25,19476000.0,22034000.0,23647000.0,1070888.7928569736,2023,2025,4171000.0,0.04860165166819341,0.18929835708450576
MAZDA,CX-5 PREMIUM PLUS,25,22261000.0,23830000.0,26993000.0,1336666.6600166247,2023,2025,4732000.0,0.05609176080640473,0.19857322702475871
MAZDA,CX-50 PREFERRED,25,27620000.0,31071000.0,34323000.0,1920864.3132715032,2023,2025,6703000.0,0.06182177314124113,0.21573171124199414
MAZDA,CX-50 SELECT,25,24760000.0,27706000.0,30553000.0,1600260.4558841884,2023,2025,5793000.0,0.05775862469805054,0.20908828412618205
MAZDA,CX-70 PHEV PREMIUM,25,37614000.0,40743000.0,47974000.0,2967764.0253227684,2023,2025,10360000.0,0.07284107761634559,0.25427680828608595
MAZDA,CX-70 TURBO S,25,34333000.0,39974000.0,42872000.0,2210353.874383014,2023,2025,8539000.0,0.055294788472082204,0.2136138490018512
MAZDA,FLAIR CUSTOM ZX,25,10070000.0,89710000.0,99760000.0,22812724.702089693,2023,2025,89690000.0,0.2542941110477059,0.9997770594136662
MAZDA,MAZDA 2 SKYACTIV G,25,10057000.0,91010000.0,99680000.0,43425450.67795306,2023,2025,89623000.0,0.47715032060161583,0.9847599164926931
MAZDA,MAZDA 3 SKYACTIV G,25,13339000.0,15039000.0,16565000.0,920830.1924531651,2023,2025,3226000.0,0.061229482841489796,0.21450894341379081
MERCEDES-BENZ,A-CLASS A180,25,14819000.0,17650000.0,19455000.0,1180389.942631954,2023,2025,4636000.0,0.06687761714628634,0.2626628895184136
MERCEDES-BENZ,C-CLASS C180,25,24196000.0,26713000.0,30978000.0,1815091.5495735575,2023,2025,6782000.0,0.06794787367849202,0.25388387676412233
MERCEDES-BENZ,CLA 200 COUPE,25,16411000.0,19398000.0,20231000.0,1232893.8018607558,2023,2025,3820000.0,0.06355777924841509,0.19692751830085575
MERCEDES-BENZ,E-CLASS E200,25,33682000.0,39659000.0,44321000.0,2753053.993295445,2023,2025,10639000.0,0.06941813947137963,0.2682619329786429
MERCEDES-BENZ,EQA 250,25,18729000.0,21524000.0,23275000.0,1344484.972024604,2023,2025,4546000.0,0.062464456979399924,0.2112060955212786
MERCEDES-BENZ,EQB 250,25,20413000.0,23559000.0,26711000.0,1344775.4459388396,2023,2025,6298000.0,0.057081176872483534,0.267328833991256
MERCEDES-BENZ,EQE 350 4MATIC SUV,25,37715000.0,42866000.0,48866000.0,2983172.9266001335,2023,2025,11151000.0,0.06959298573695082,0.2601362385107078
MERCEDES-BENZ,EQE 350+ SEDAN,25,35170000.0,39827000.0,44918000.0,2783851.0933596976,2023,2025,9748000.0,0.06989858873025077,0.24475858086222915
MERCEDES-BENZ,EQS 450+,25,51429000.0,60262000.0,67869000.0,5583251.304273045,2023,2025,16440000.0,0.0926496184041858,0.27280873518967175
MERCEDES-BENZ,G-CLASS AMG G63,25,130990000.0,151606000.0,173262000.0,10373712.113960618,2023,2025,42272000.0,0.06842547203910543,0.27882801472237245
MERCEDES-BENZ,G-CLASS G500,25,83828000.0,99283000.0,112988000.0,7546759.886865356,2023,2025,29160000.0,0.07601260927717088,0.2937058710957566
MERCEDES-BENZ,GLB 200,25,17826000.0,20345000.0,22303000.0,1154150.4639055226,2023,2025,4477000.0,0.056728948827993245,0.22005406733841237
MERCEDES-BENZ,GLB 250 4MATIC,25,20244000.0,23392000.0,26401000.0,1986552.1219775076,2023,2025,6157000.0,0.0849244238191479,0.26320964432284544
MERCEDES-BENZ,GLB AMG 35 4MATIC,25,25710000.0,29454000.0,32008000.0,1806001.3612028842,2023,2025,6298000.0,0.061315996509909834,0.21382494737556867
MERCEDES-BENZ,GLS 450 4MATIC,25,66101000.0,75936000.0,84491000.0,4753524.798154168,2023,2025,18390000.0,0.062599093949565,0.24217762326169406
MERCEDES-BENZ,S-CLASS MAYBACH S580,25,125644000.0,145717000.0,164167000.0,11715357.844157659,2023,2025,38523000.0,0.08039801700664753,0.2643686048985362
MERCEDES-BENZ,S-CLASS S450 4MATIC,25,75843000.0,86653000.0,93624000.0,5251248.506149123,2023,2025,17781000.0,0.06060088521054232,0.20519774272096752
MG,MG 5 COMFORT,25,10667000.0,11424000.0,12751000.0,645345.8581773551,2023,2025,2084000.0,0.05649035873401218,0.18242296918767506
MG,MG 5 LUXURY,25,12321000.0,13704000.0,14862000.0,664013.052080555,2023,2025,2541000.0,0.04845395885001131,0.18542031523642732
MG,MG HS PHEV HIGH,25,16408000.0,18130000.0,20497000.0,1163924.7928166715,2023,2025,4089000.0,0.06419883027118982,0.22553778268063981
MG,MG HS PHEV LUX,25,18647000.0,21160000.0,22845000.0,1082970.4089524618,2023,2025,4198000.0,0.051180076037450936,0.19839319470699432
MG,MG S5 EV,25,11865000.0,12634000.0,13952000.0,646710.5431850215,2024,2025,2087000.0,0.05118810694831578,0.16518917207535222
MG,MG ZS MCE ESSENCE,25,12180000.0,13420000.0,14776000.0,702652.8137470635,2023,2025,2596000.0,0.052358629936442885,0.19344262295081968
MG,MG ZS MCE LUX,25,14019000.0,15270000.0,16687000.0,823019.5785439529,2023,2025,2668000.0,0.0538978112995385,0.17472167648984938
MICRO,TREND,25,1065000.0,1675000.0,2285000.0,244098.66800428036,2006,2013,1220000.0,0.14573054806225694,0.7283582089552239
MITSUBISHI,ATTRAGE GLS,25,10004000.0,11254000.0,99020000.0,24099784.66791768,2023,2025,89016000.0,2.1414416801064227,7.909720988093122
MITSUBISHI,ECLIPSE CROSS EXCEED,25,18636000.0,20448000.0,22597000.0,1157577.97721507,2023,2025,3961000.0,0.05661081656959458,0.19371087636932707
MITSUBISHI,ECLIPSE CROSS G,25,16441000.0,17891000.0,20403000.0,1214090.5334172286,2023,2025,3962000.0,0.0678604065405639,0.22145212676764853
MITSUBISHI,OUTLANDER ES,25,23658000.0,25045000.0,27760000.0,1384463.0932844225,2023,2025,4102000.0,0.05527902149269006,0.1637851866640048
MITSUBISHI,OUTLANDER PHEV PLATINUM,25,37215000.0,41644000.0,44616000.0,2512664.953125793,2023,2025,7401000.0,0.06033678208447298,0.17772068004994718
MITSUBISHI,OUTLANDER PHEV SE,25,28815000.0,32519000.0,35999000.0,2087533.3274784721,2023,2025,7184000.0,0.06419426573629178,0.22091700236784648
MITSUBISHI,OUTLANDER PHEV SEL,25,31371000.0,34579000.0,38614000.0,2093596.5609448266,2023,2025,7243000.0,0.06054531828406914,0.20946239046820325
MITSUBISHI,OUTLANDER SE,25,24662000.0,27108000.0,30859000.0,2067909.522521072,2023,2025,6197000.0,0.07628410515423757,0.2286041021100782
MITSUBISHI,OUTLANDER SEL,25,27406000.0,31487000.0,34156000.0,2218747.8886374924,2023,2025,6750000.0,0.07046552191817233,0.21437418617207102
MITSUBISHI,OUTLANDER SPORT ES,25,13743000.0,15971000.0,17278000.0,1260803.0139557887,2023,2025,3535000.0,0.07894327305464835,0.22133867635088597
MITSUBISHI,OUTLANDER SPORT S,25,12948000.0,13887000.0,15906000.0,891742.7917660269,2023,2025,2958000.0,0.06421421414027702,0.2130049686757399
MITSUBISHI,OUTLANDER SPORT SEL,25,15916000.0,18559000.0,20247000.0,1184653.039220062,2023,2025,4331000.0,0.06383172796056157,0.2333638665876394
MITSUBISHI,TRITON GSR,25,20524000.0,22303000.0,24991000.0,1166162.4286522013,2023,2025,4467000.0,0.052287245153217116,0.20028695691162623
MITSUBISHI,TRITON GSR ATHLETE,25,23595000.0,26292000.0,29040000.0,1642174.1756991937,2023,2025,5445000.0,0.06245908168641388,0.20709721588315838
MITSUBISHI,XPANDER CROSS,25,14087000.0,15551000.0,16792000.0,806873.6993276379,2023,2025,2705000.0,0.05188564718202289,0.17394379782650635
MITSUBISHI,XPANDER CROSS HEV,25,14995000.0,16444000.0,18185000.0,1036910.7676169631,2023,2025,3190000.0,0.06305708876289,0.19399172950620286
MITSUBISHI,XPANDER GLS,25,13065000.0,14152000.0,15424000.0,629758.5436763319,2023,2025,2359000.0,0.044499614448581956,0.16669022046353874
MITSUBISHI,XPANDER HEV,25,13955000.0,15753000.0,17114000.0,787454.4960398241,2023,2025,3159000.0,0.04998758941406869,0.20053323176537802
NISSAN,ALMERA EL TURBO,25,10024000.0,11221000.0,99930000.0,42948311.462229416,2023,2025,89906000.0,3.8274941148052237,8.012298369129311
NISSAN,ALMERA VE TURBO,25,10629000.0,11648000.0,12972000.0,706331.8082412343,2023,2025,2343000.0,0.06063975002071036,0.2011504120879121
NISSAN,ALMERA VL TURBO,25,11516000.0,13013000.0,14192000.0,871345.1440158496,2023,2025,2676000.0,0.066959589949731,0.20564051333282102
NISSAN,MAGNITE ACENTA,25,72250000.0,80080000.0,87300000.0,4911281.2313421145,2023,2025,15050000.0,0.061329685706070364,0.18793706293706294
NISSAN,MAGNITE N-CONNECTA,25,78410000.0,83890000.0,93770000.0,5063279.010022391,2023,2025,15360000.0,0.06035616891193695,0.18309691262367386
NISSAN,MAGNITE TEKNA,25,10050000.0,93990000.0,98880000.0,34111602.462993935,2023,2025,88830000.0,0.36292799726560204,0.945100542610916
NISSAN,MAGNITE VISIA,25,63590000.0,69790000.0,77710000.0,4228062.676924275,2023,2025,14120000.0,0.06058264331457623,0.20232124946267374
NISSAN,ROOX,25,68850000.0,82850000.0,93740000.0,6281647.926035546,2023,2025,24890000.0,0.07581952837701322,0.3004224502112251
NISSAN,URVAN,25,22731000.0,25008000.0,28714000.0,1854721.1623314153,2023,2025,5983000.0,0.07416511365688641,0.23924344209852846
NISSAN,URVAN NV350,25,23961000.0,27355000.0,30136000.0,1621436.2994990984,2023,2025,6175000.0,0.05927385485282758,0.22573569731310547
NISSAN,X-TRAIL E-POWER,25,21692000.0,25535000.0,29487000.0,2214346.8374820296,2023,2025,7795000.0,0.08671810603023417,0.3052672802036421
SUBARU,BRZ LIMITED,25,23142000.0,26300000.0,28922000.0,1571491.852773451,2023,2025,5780000.0,0.05975254193054947,0.21977186311787072
SUBARU,BRZ PREMIUM,25,21333000.0,24713000.0,26921000.0,1454861.0494935028,2023,2025,5588000.0,0.05887027271045615,0.2261158094929794
SUBARU,BRZ SERIES. PURPLE,25,27554000.0,31330000.0,34735000.0,2004557.3426569765,2023,2025,7181000.0,0.0639820409402163,0.22920523459942546
SUBARU,BRZ TS,25,26764000.0,29496000.0,32200000.0,1925348.7883151635,2023,2025,5436000.0,0.06527491145630471,0.18429617575264443
SUBARU,CROSSTREK BASE,25,13041000.0,14984000.0,15811000.0,861505.4981445763,2023,2025,2770000.0,0.05749502790607156,0.18486385477843031
SUBARU,CROSSTREK LIMITED,25,15580000.0,16815000.0,18924000.0,1048085.1062771593,2023,2025,3344000.0,0.06233036611817778,0.19887005649717515
SUBARU,CROSSTREK PREMIUM,25,13876000.0,15244000.0,16741000.0,912918.0284487029,2023,2025,2865000.0,0.05988703938918282,0.18794279716609813
SUBARU,CROSSTREK SPORT,25,14643000.0,16786000.0,17995000.0,900291.1566080514,2023,2025,3352000.0,0.05363345386679682,0.1996902180388419
SUBARU,CROSSTREK WILDERNESS,25,16306000.0,18558000.0,20395000.0,1213129.5643912072,2023,2025,4089000.0,0.06536962842931389,0.22033624312964759
SUBARU,FORESTER BASE,25,17327000.0,18964000.0,20905000.0,1224872.3157945895,2023,2025,3578000.0,0.06458934379849132,0.18867327568023623
SUBARU,FORESTER LIMITED,25,20380000.0,22664000.0,24320000.0,1189831.1196692295,2023,2025,3940000.0,0.05249872571784458,0.1738439816448994
SUBARU,FORESTER PREMIUM,25,18661000.0,20993000.0,22415000.0,1131413.6982848821,2023,2025,3754000.0,0.05389480771137437,0.17882151193254894
SUBARU,FORESTER SPORT,25,19450000.0,21356000.0,23199000.0,1232291.1006197634,2023,2025,3749000.0,0.05770233660890445,0.17554785540363363
SUBARU,FORESTER TOURING,25,21611000.0,22647000.0,25696000.0,1327264.1661201683,2023,2025,4085000.0,0.058606621897830544,0.18037709188855036
SUBARU,FORESTER WILDERNESS,25,21629000.0,24273000.0,26199000.0,1315767.669461444,2023,2025,4570000.0,0.05420704772633972,0.18827503810818605
SUBARU,OUTBACK BASE,25,19906000.0,22271000.0,23836000.0,1214041.8965862168,2023,2025,3930000.0,0.05451223099933621,0.1764626644515289
SUBARU,OUTBACK LIMITED,25,23810000.0,26896000.0,29446000.0,1764544.4142894237,2023,2025,5636000.0,0.06560620219695953,0.20954788816180844
SUBARU,OUTBACK ONYX EDITION,25,23167000.0,26026000.0,28353000.0,1364546.6805255616,2023,2025,5186000.0,0.052430134501097424,0.1992622761853531
SUBARU,OUTBACK PREMIUM,25,21149000.0,23786000.0,25890000.0,1373268.2634260994,2023,2025,4741000.0,0.0577343085607542,0.19931892709997479
SUBARU,OUTBACK TOURING,25,25659000.0,29228000.0,31786000.0,1774514.9102407298,2023,2025,6127000.0,0.06071284077736177,0.2096277542082934
SUBARU,OUTBACK WILDERNESS,25,24817000.0,27256000.0,30452000.0,1785984.0424819042,2023,2025,5635000.0,0.06552627100388554,0.20674346932785442
SUBARU,WRX BASE,25,24981000.0,27223000.0,29807000.0,1480721.415391836,2023,2025,4826000.0,0.05439229384681468,0.17727656760827243
SUBARU,WRX LIMITED,25,29561000.0,32003000.0,36194000.0,1968627.1764861944,2023,2025,6633000.0,0.06151383234341138,0.20726181920444958
SUBARU,WRX PREMIUM,25,26578000.0,28880000.0,33438000.0,1850702.0965028408,2023,2025,6860000.0,0.06408248256588783,0.23753462603878117
SUBARU,WRX TS,25,34048000.0,37524000.0,41868000.0,2298378.3826863742,2023,2025,7820000.0,0.06125088963560319,0.20839995736062253
SUZUKI,EVERY WAGON PZ TURBO,25,66310000.0,79220000.0,91870000.0,7539021.996696035,2023,2025,25560000.0,0.09516563994819535,0.3226457965160313
SUZUKI,FRONX ALPHA,25,10092000.0,10900000.0,99580000.0,24394637.283154402,2023,2025,89488000.0,2.2380401177205873,8.209908256880734
SUZUKI,GRAND VITARA GL,25,14556000.0,15606000.0,17456000.0,797948.7076247446,2023,2025,2900000.0,0.051130892453206754,0.18582596437267718
SUZUKI,GRAND VITARA GLX,25,15685000.0,17324000.0,18473000.0,871035.1542848299,2023,2025,2788000.0,0.050279101494160115,0.16093280997460171
SUZUKI,GRAND VITARA HYBRID,25,16542000.0,18412000.0,19752000.0,944367.2608330582,2023,2025,3210000.0,0.051290857094995555,0.17434281990006517
SUZUKI,SPACIA CUSTOM,25,4362500.0,6895000.0,8500000.0,923034.5735355422,2015,2018,4137500.0,0.13387013394279076,0.6000725163161711
SUZUKI,STINGRAY,25,10031000.0,86870000.0,97700000.0,16670703.763588786,2023,2025,87669000.0,0.19190403779888093,1.0091976516634051
SUZUKI,WAGON R CUSTOM ZX,25,10258000.0,92570000.0,98770000.0,17106177.582772058,2023,2025,88512000.0,0.18479180709486936,0.9561629037485146
TATA,INDICA,25,750000.0,1525000.0,2730000.0,535095.6300824492,2003,2015,1980000.0,0.35088238038193387,1.298360655737705
TOYOTA,COASTER,25,32754000.0,37830000.0,43646000.0,3263740.5574994273,2023,2025,10892000.0,0.08627387146443107,0.28791964049696006
TOYOTA,COROLLA CROSS,25,17619000.0,20095000.0,22813000.0,1432195.6046574102,2023,2025,5194000.0,0.07127124183415826,0.2584722567802936
TOYOTA,FORTUNER,25,25830000.0,30715000.0,36435000.0,2411083.3574695555,2023,2025,10605000.0,0.07849856283475681,0.34527104020836724
TOYOTA,HIACE KDH,25,28782000.0,31999000.0,37480000.0,2187502.9394265967,2023,2025,8698000.0,0.0683616031571798,0.2718209944060752
TOYOTA,HILUX REVO,25,20632000.0,24385000.0,27241000.0,1766114.9953122148,2023,2025,6609000.0,0.07242628645938957,0.2710272708632356
TOYOTA,HILUX REVO ROCCO,25,25995000.0,30443000.0,34543000.0,1939106.9748727118,2023,2025,8548000.0,0.06369631688311637,0.2807870446408041
TOYOTA,HILUX ROCCO,25,26559000.0,29244000.0,33326000.0,1979667.461974359,2023,2025,6767000.0,0.06769482498886469,0.2313978935850089
TOYOTA,LAND CRUISER 250,25,70112000.0,79483000.0,89429000.0,5802796.789767268,2023,2025,19317000.0,0.07300676609799917,0.24303310141791326
TOYOTA,LAND CRUISER 300,25,103172000.0,124409000.0,144416000.0,10435955.397566626,2023,2025,41244000.0,0.08388424790462608,0.3315194238358961
TOYOTA,LITE ACE,25,10126000.0,11473000.0,99000000.0,37942201.87117945,2023,2025,88874000.0,3.3070863654823888,7.746361021528807
TOYOTA,RAV4,25,20039000.0,23793000.0,26655000.0,1853471.6749926351,2023,2025,6616000.0,0.07789987286145653,0.2780649770941033
TOYOTA,RUSH,25,12716000.0,14156000.0,15781000.0,914017.0038535025,2023,2025,3065000.0,0.06456746283226211,0.21651596496185363
TOYOTA,TAISOR,25,11027000.0,12418000.0,14391000.0,1014012.0840831565,2023,2025,3364000.0,0.08165663424731491,0.27089708487679176
TOYOTA,TRAVO,25,16127000.0,19200000.0,23863000.0,1992035.7786278168,2023,2025,7736000.0,0.1037518634701988,0.40291666666666665
TOYOTA,URBAN CRUISER HYRYDER,25,14194000.0,16279000.0,17606000.0,869319.9698615003,2023,2025,3412000.0,0.053401312725689556,0.20959518397935992
TOYOTA,VELLFIRE,25,71990000.0,84756000.0,95823000.0,7343668.5364559665,2023,2025,23833000.0,0.0866448220356785,0.2811954315918637
TOYOTA,VOXY,25,19276000.0,21994000.0,24916000.0,1432082.6000386057,2023,2025,5640000.0,0.06511242157127424,0.2564335727925798
TOYOTA,YARIS ATIV,25,13182000.0,14884000.0,17242000.0,989333.7353997385,2023,2025,4060000.0,0.06646961404190664,0.2727761354474604
TOYOTA,YARIS CROSS,25,16033000.0,18454000.0,20640000.0,1084358.6768223888,2023,2025,4607000.0,0.058760088697430844,0.24964777284057657
VOLKSWAGEN,TAIGUN,25,12021000.0,13644000.0,15425000.0,858362.1671532361,2023,2025,3404000.0,0.06291132858056553,0.2494869539724421
VOLKSWAGEN,TAIGUN GT LINE,25,12896000.0,14546000.0,15625000.0,867896.7354088463,2023,2025,2729000.0,0.05966566309699205,0.18761171456070397
VOLKSWAGEN,TAIGUN TOPLINE,25,11889000.0,13504000.0,14636000.0,778326.1355841351,2023,2025,2747000.0,0.05763671027726119,0.2034212085308057
VOLKSWAGEN,VIRTUS,25,11335000.0,12979000.0,14877000.0,1019096.5639558729,2023,2025,3542000.0,0.0785188815745337,0.2729023807689344
VOLKSWAGEN,VIRTUS HIGHLINE,25,11064000.0,12695000.0,13780000.0,694055.3003903936,2023,2025,2716000.0,0.054671547884237386,0.21394249704608115
VOLKSWAGEN,VIRTUS TOPLINE,25,12659000.0,13850000.0,14756000.0,632415.0351364727,2023,2025,2097000.0,0.04566173538891499,0.15140794223826715
ZOTYE,Z100,25,2281250.0,2875000.0,3300000.0,237488.66288730505,2017,2021,1018750.0,0.08260475230862785,0.35434782608695653
CHEVROLET,CRUZE,24,3485000.0,3718750.0,3990000.0,150111.6734060134,2002,2006,505000.0,0.040366164277247304,0.1357983193277311
MAZDA,CX-90 GT,24,40325000.0,44978500.0,49856000.0,2799069.9995389218,2023,2025,9531000.0,0.062231288271928184,0.21190124170436986
NISSAN,FB15 SUPER SALOON,24,3590000.0,3897500.0,5184375.0,419188.9522507539,1999,2024,1594375.0,0.10755329114836533,0.40907633098139834
TOYOTA,CORONA,24,550000.0,1662500.0,3750000.0,914479.9098038088,1985,2000,3200000.0,0.5500631036413888,1.9248120300751879
HONDA,FIT GP5 L GRADE,23,7490000.0,8000000.0,8475000.0,240326.8566327675,2013,2015,985000.0,0.03004085707909594,0.123125
LEXUS,RX 450H+ F SPORT,23,40088000.0,46990000.0,49762000.0,3291106.165784748,2023,2025,9674000.0,0.07003843723738556,0.20587359012555864
SUZUKI,ALTO 800 LXI,23,2625000.0,3250000.0,3600000.0,249835.1234970902,2011,2016,975000.0,0.07687234569141237,0.3
HONDA,FIT SHUTTLE,22,7795922.619,8775000.0,9669017.857,538144.4559275183,2011,2014,1873095.2380000008,0.06132700352450351,0.21345814678062688
HYUNDAI,EON,22,2730357.143,3595000.0,4281785.714,308254.41557206353,2014,2018,1551428.5709999995,0.08574531726622073,0.43155175827538234
PERODUA,KELISA,22,2336875.0,3202750.0,3861875.0,356673.41934061097,2004,2008,1525000.0,0.11136473947095807,0.4761533057528686
TOYOTA,COROLLA AE100,22,1700000.0,2375000.0,2700000.0,266059.91578567185,1991,1996,1000000.0,0.11202522769923025,0.42105263157894735
TOYOTA,COROLLA AE110,22,2800000.0,3987500.0,4700000.0,555132.1365117456,1995,2008,1900000.0,0.13921809066125282,0.47648902821316613
ISUZU,GEMINI,21,390000.0,975000.0,1475000.0,270648.40298016596,1986,1992,1085000.0,0.27758810562068303,1.1128205128205129
LAND ROVER,SERIES III,21,25640000.0,31690000.0,44740000.0,6359071.473100456,1980,1994,19100000.0,0.20066492499528105,0.602713789839066
NISSAN,MARCH AK12,21,3250000.0,3600000.0,5300000.0,520733.8000132028,2002,2011,2050000.0,0.14464827778144523,0.5694444444444444
NISSAN,N17,21,3575000.0,4500000.0,6062500.0,732553.355065208,2004,2011,2487500.0,0.16278963445893513,0.5527777777777778
PERODUA,AXIA,21,5050000.0,5690000.0,6375000.0,356409.675994995,2015,2018,1325000.0,0.0626379043927935,0.23286467486818982
SUZUKI,CELERIO VXI,21,4525000.0,4750000.0,5125000.0,189781.27590572095,2014,2016,600000.0,0.03995395282225704,0.12631578947368421
BMW,1 SERIES,20,18335000.0,20596000.0,23252000.0,1286751.335728858,2024,2025,4917000.0,0.062475788295244604,0.23873567683045252
BMW,7 SERIES,20,73873000.0,83971500.0,93669000.0,5884011.181069202,2024,2025,19796000.0,0.07007152642347941,0.23574665213792775
BMW,IX,20,42637000.0,51733000.0,63725000.0,6578069.933498731,2024,2025,21088000.0,0.12715423295572906,0.40763149247095665
BMW,X5,20,58878000.0,65077000.0,73881000.0,3711563.98301309,2024,2025,15003000.0,0.0570334216852819,0.23054228068288335
FORD,LASER,20,750000.0,1727500.0,3200000.0,825462.031706773,1984,2001,2450000.0,0.4778361978042101,1.4182344428364688
LAND ROVER,DISCOVERY 5 HSE,20,30903000.0,38692000.0,49368000.0,6557974.026047663,2010,2023,18465000.0,0.16949173022970285,0.4772304352320893
MERCEDES-BENZ,EQE,20,36188000.0,42496500.0,48678000.0,2971658.730052079,2024,2025,12490000.0,0.06992714058927392,0.29390655701057733
MERCEDES-BENZ,G-CLASS,20,95456000.0,126106500.0,169237000.0,26434116.565081496,2024,2025,73781000.0,0.20961739930203038,0.585068969482144
MERCEDES-BENZ,S-CLASS,20,80738000.0,111587500.0,163723000.0,33604390.868174545,2024,2025,82985000.0,0.30114834428743853,0.7436764870617228
MITSUBISHI,LANCER CS1,20,3756250.0,5487500.0,6490000.0,763907.8757276195,2001,2011,2733750.0,0.1392087245061721,0.49817767653758543
TOYOTA,CORSA,20,875000.0,2632500.0,3675000.0,963438.1914569184,1985,2000,2800000.0,0.3659784203065217,1.063627730294397
TOYOTA,DX WAGON,20,500000.0,1100000.0,1650000.0,284752.3161959308,1982,1994,1150000.0,0.25886574199630075,1.0454545454545454
NISSAN,HB11,19,496250.0,775000.0,1026250.0,133431.9385935845,1982,1988,530000.0,0.17217024334656064,0.6838709677419355
NISSAN,SUNNY FB15,19,3075000.0,3975000.0,4590000.0,484234.33865933336,1999,2006,1515000.0,0.12181995941115305,0.38113207547169814
SUZUKI,HUSTLER,19,5500000.0,6250000.0,7118750.0,446858.11269363447,2015,2017,1618750.0,0.07149729803098151,0.259
SUZUKI,SWIFT CENTER ANTENNA,19,3875000.0,3990000.0,4253571.429,89396.03695856515,2003,2006,378571.42899999954,0.022405021794126605,0.0948800573934836
SUZUKI,WAGON R FX SAFETY,19,5543750.0,5945555.556,6250000.0,179297.5961811555,2016,2018,706250.0,0.03015657569631421,0.11878620817650636
TOYOTA,VITZ EDITION 2,19,8200000.0,9013750.0,9600000.0,311700.6003433199,2015,2019,1400000.0,0.034580568613875456,0.15531826376369437
HONDA,CIVIC EK3,18,2991250.0,3702500.0,4281250.0,338982.4619019755,1995,2000,1290000.0,0.09155502009506428,0.3484132343011479
HYUNDAI,ELANTRA,18,1475000.0,2425000.0,7250000.0,1792578.4957425692,2000,2014,5775000.0,0.7392076271103378,2.381443298969072
HYUNDAI,SONATA,18,650000.0,2197500.0,5785000.0,1682776.3347546987,1999,2013,5135000.0,0.7657685254856422,2.3367463026166098
MICRO,MX7,18,1000000.0,2633750.0,3500000.0,897427.6169220441,2007,2014,2500000.0,0.34074138278957533,0.9492168960607499
MITSUBISHI,MONTERO SPORT GT,18,42415000.0,45668500.0,49766000.0,2351275.980248621,2023,2025,7351000.0,0.0514857282426316,0.1609643408476302
HONDA,FIT GP5 S GRADE,17,7975000.0,8475000.0,9525000.0,408646.33513904474,2013,2015,1550000.0,0.0482178566535746,0.18289085545722714
NISSAN,TIIDA,17,4400000.0,5000000.0,6650000.0,742786.0164115038,2004,2011,2250000.0,0.14855720328230076,0.45
SUZUKI,ALTO SPORT,17,2535000.0,2650000.0,2775000.0,65209.01851907755,2010,2015,240000.0,0.024607176799651905,0.09056603773584905
TOYOTA,CE110,17,2325000.0,2970000.0,3475000.0,263958.78883549117,1996,1999,1150000.0,0.08887501307592295,0.3872053872053872
TOYOTA,SOLUNA,17,2390000.0,2975000.0,3800000.0,394448.11594995676,2000,2005,1410000.0,0.13258760199998545,0.47394957983193275
DATSUN,REDI-GO,16,2357500.0,2872500.0,3150000.0,216270.08975898882,2016,2017,792500.0,0.07528984848006573,0.2758920800696258
HYUNDAI,GRAND I10,16,5290000.0,82355000.0,97700000.0,41174974.11327865,2016,2025,92410000.0,0.4999693292851515,1.1220933762370227
NISSAN,HB12,16,850625.0,1164375.0,1505625.0,160879.58100185785,1985,1990,655000.0,0.13816818550884194,0.5625335480407944
TOYOTA,AQUA S LIMITED,16,6750000.0,7475000.0,7900000.0,314360.86573594046,2012,2014,1150000.0,0.04205496531584488,0.15384615384615385
TOYOTA,AQUA X URBAN,16,8480000.0,8927272.727,9380000.0,278880.0145226803,2015,2015,900000.0,0.03123910549738494,0.10081466395420004
LAND ROVER,DEFENDER 110,15,36284000.0,43065000.0,48749000.0,3299669.100293023,2010,2023,12465000.0,0.07662066876333502,0.2894461859979101
LAND ROVER,RANGE ROVER SPORT,15,38629000.0,43736000.0,49841000.0,4014192.130073355,2011,2023,11212000.0,0.09178233331976758,0.25635631973660145
MITSUBISHI,GALANT,15,450000.0,1075000.0,4500000.0,1583211.7747823645,1983,2006,4050000.0,1.472755139332432,3.7674418604651163
NISSAN,MARCH K12,15,3000000.0,3390000.0,4300000.0,457109.9690550664,2002,2009,1300000.0,0.13484069883630279,0.3834808259587021
PERODUA,VIVA ELITE PREMIUM,15,3750000.0,4190000.0,4550000.0,224386.99563371274,2009,2012,800000.0,0.05355298225148275,0.1909307875894988
PROTON,WIRA,15,600000.0,1595000.0,2200000.0,459363.10723186546,1993,2005,1600000.0,0.28800194810775265,1.0031347962382444
SUZUKI,SWIFT JAPAN,15,2065000.0,4675000.0,6800000.0,1163492.9962749896,1998,2012,4735000.0,0.2488755072245967,1.0128342245989306
TOYOTA,AVANZA,15,3793748.75,6250000.0,9000000.0,1246853.822067497,2008,2012,5206251.25,0.19949661153079953,0.8330002
TOYOTA,VITZ KSP130,15,6950000.0,7450000.0,8543750.0,513561.39626932173,2011,2019,1593750.0,0.06893441560662036,0.2139261744966443
NISSAN,FB15 EX SALOON,14,3275000.0,3670000.0,4493750.0,400402.68749921425,1999,2005,1218750.0,0.10910154972730633,0.33208446866485014
TOYOTA,AXIO X GRADE,14,6950000.0,7282498.5,7708812.031,214768.05363119164,2001,2013,758812.0310000004,0.0294909849457836,0.1041966614891854
HONDA,FIT ARIA,13,3862500.0,4780000.0,5000000.0,385790.37668608286,2004,2008,1137500.0,0.08070928382554035,0.23797071129707112
MERCEDES-BENZ,C200,13,2575000.0,24300000.0,35000000.0,12960423.918260764,2001,2020,32425000.0,0.5333507785292496,1.3343621399176955
SUZUKI,SPACIA CUSTOM Z,13,4916666.667,6450000.0,8330000.0,799760.8259560763,2016,2018,3413333.3329999996,0.12399392650481803,0.5291989663565891
TOYOTA,COROLLA 2,13,1175000.0,1550000.0,2432500.0,467034.68204274646,1987,1996,1257500.0,0.3013126980920945,0.8112903225806452
TOYOTA,COROLLA DX WAGON,13,912500.0,1280000.0,1612500.0,210679.41832958508,1984,1996,700000.0,0.16459329556998833,0.546875
TOYOTA,VITZ SAFETY EDITION,13,7600000.0,8285000.0,8900000.0,399903.0331185747,2016,2018,1300000.0,0.048268320231572084,0.15691007845503924
DAIHATSU,CHARADE,12,750000.0,1180000.0,1953125.0,399613.52364067355,1986,2006,1203125.0,0.3386555285090454,1.0195974576271187
LEXUS,GX 550 LUXURY+,12,43529000.0,47574000.0,49662000.0,2540026.2644788586,2023,2025,6133000.0,0.053391059496339564,0.12891495354605456
MERCEDES-BENZ,C180,12,6184375.0,11470000.0,17689375.0,3634829.945274002,2002,2016,11505000.0,0.3168988618373149,1.0030514385353095
NISSAN,DOCTOR SUNNY,12,1481250.0,1662500.0,1791250.0,82074.4880636431,1990,1995,310000.0,0.049368113120988336,0.18646616541353384
PERODUA,BEZZA,12,6606250.0,7100000.0,7556250.0,256074.48616006674,2017,2020,950000.0,0.03606682903662912,0.13380281690140844
SUZUKI,CELERIO ZXI,12,4450000.0,5075000.0,5700000.0,326506.7055787349,2014,2017,1250000.0,0.06433629666576057,0.24630541871921183
SUZUKI,ZEN,12,1919375.0,2187500.0,2584375.0,184540.37981964642,2000,2006,665000.0,0.08436131648898122,0.304
TOYOTA,STARLET EP91,12,3190000.0,3425000.0,3875000.0,250086.3066306307,1996,1999,685000.0,0.07301789974616954,0.2
TOYOTA,VITZ SAFETY,12,7395000.0,7825000.0,9500000.0,679740.1951882391,2015,2018,2105000.0,0.08686775657357688,0.2690095846645367
BMW,520D,11,19800000.0,24500000.0,33000000.0,3698378.022863536,2012,2015,13200000.0,0.15095420501483822,0.5387755102040817
HONDA,N WGN,11,6290000.0,6600000.0,7302500.0,281045.3745124683,2016,2018,1012500.0,0.04258263250188914,0.1534090909090909
MAZDA,AXELA,11,5025000.0,5700000.0,13500000.0,3593376.1663270486,2002,2014,8475000.0,0.6304168712854471,1.486842105263158
MAZDA,CX-90 PREMIUM PHEV,11,43501000.0,47902000.0,49724000.0,2316548.97717194,2023,2025,6223000.0,0.048360172376350465,0.12991106843138073
MERCEDES-BENZ,E200,11,3950000.0,9100000.0,40500000.0,12427512.623208234,1988,2017,36550000.0,1.3656607278250807,4.016483516483516
MITSUBISHI,LANCER CK1,11,2595000.0,3400000.0,3850000.0,344813.5200892848,1997,2002,1255000.0,0.10141574120273082,0.36911764705882355
MITSUBISHI,LANCER WAGON,11,460000.0,690000.0,990000.0,185054.04615949362,1980,1990,530000.0,0.26819426979636757,0.7681159420289855
NISSAN,BLUEBIRD SYLPHY,11,4275000.0,6475000.0,7500000.0,1232003.1729593144,2002,2011,3225000.0,0.19027076030259682,0.4980694980694981
NISSAN,FB12,11,1205000.0,1550000.0,1805000.0,176929.62134445127,1987,1989,600000.0,0.11414814280287179,0.3870967741935484
SUZUKI,ZEN ESTILO,11,2750000.0,3350000.0,3650000.0,270525.5827257207,2008,2011,900000.0,0.08075390529125992,0.26865671641791045
TOYOTA,PREMIO 260,11,9000000.0,10283333.33,13325000.0,1420449.939500605,2007,2016,4325000.0,0.13813127455050658,0.4205834685317937
TOYOTA,TERCEL,11,1462500.0,2375000.0,3262500.0,539135.0395857154,1985,1999,1800000.0,0.22700422719398544,0.7578947368421053
HONDA,CIVIC ES8,10,4340625.0,4675000.0,5115625.0,262340.6014055646,2001,2006,775000.0,0.05611563666429189,0.1657754010695187
HONDA,INSIGHT ZE2,10,7000000.0,7248333.3335,7895000.0,278961.0353643598,2009,2012,895000.0,0.03848623159686532,0.12347666129860942
HONDA,N BOX,10,4251041.667,6375000.0,7600000.0,999123.7018476473,2015,2018,3348958.3329999996,0.15672528656433685,0.5253267973333333
HYUNDAI,ALCAZAR,10,16713000.0,17369000.0,18867000.0,663264.2845134292,2024,2025,2154000.0,0.038186670764778004,0.12401404801658127
HYUNDAI,CRETA,10,14338000.0,14867500.0,16481000.0,635761.7041348469,2024,2025,2143000.0,0.042761843224136335,0.14413990247183453
HYUNDAI,CRETA EV,10,15111000.0,16825500.0,18265000.0,957923.5877667903,2024,2025,3154000.0,0.056932845250767604,0.18745356750170872
HYUNDAI,IONIQ 5,10,17376000.0,19443500.0,20403000.0,867331.6679461336,2024,2025,3027000.0,0.04460779530157295,0.15568184740401678
HYUNDAI,IONIQ 6,10,20624000.0,22638000.0,23953000.0,1043335.0425971088,2024,2025,3329000.0,0.0460877746531102,0.14705362664546337
HYUNDAI,IONIQ 9,10,36757000.0,39514000.0,43775000.0,2454493.7676750286,2024,2025,7018000.0,0.062117066550463854,0.1776079364275953
HYUNDAI,PALISADE,10,32784000.0,36791000.0,39734000.0,2462168.6827311846,2024,2025,6950000.0,0.06692312475146597,0.1889048952189394
HYUNDAI,SANTA FE,10,27376000.0,29693000.0,32604000.0,1709514.6679686608,2024,2025,5228000.0,0.05757298582051867,0.17606843363755767
HYUNDAI,TUCSON,10,20456000.0,23689000.0,24165000.0,1369122.95121934,2024,2025,3709000.0,0.057795725915798055,0.15657056017560894
LAND ROVER,RANGE ROVER VOGUE,10,45163000.0,46397000.0,48845000.0,1422853.6272028987,2012,2021,3682000.0,0.030666931637883886,0.07935857921848395
MERCEDES-BENZ,A-CLASS,10,15968000.0,17581500.0,18947000.0,894125.8673512732,2024,2025,2979000.0,0.05085606275637876,0.16943946762221654
MERCEDES-BENZ,C-CLASS,10,24313000.0,28209000.0,30354000.0,2268175.7941864505,2024,2025,6041000.0,0.0804061042286664,0.21415151192881704
MERCEDES-BENZ,CLA,10,17208000.0,18757000.0,21303000.0,1406914.369975815,2024,2025,4095000.0,0.07500743029140135,0.2183184944287466
MERCEDES-BENZ,E-CLASS,10,36599000.0,40264000.0,44118000.0,2277201.0012293602,2024,2025,7519000.0,0.05655675047758196,0.18674249950327837
MERCEDES-BENZ,EQA,10,19753000.0,22256000.0,24378000.0,1193541.5088438832,2024,2025,4625000.0,0.05362785356056269,0.20780913012221425
MERCEDES-BENZ,EQB,10,22390000.0,24374500.0,25594000.0,933656.4678724181,2024,2025,3204000.0,0.03830464082842389,0.1314488502328253
MERCEDES-BENZ,EQS,10,54336000.0,60137500.0,62690000.0,2923700.4805554207,2024,2025,8354000.0,0.048616927550287604,0.13891498648929537
MERCEDES-BENZ,GLE,10,52772000.0,55878500.0,58752000.0,2421594.139771935,2025,2025,5980000.0,0.043336777826390026,0.10701790491870755
MERCEDES-BENZ,GLS,10,69807000.0,78988500.0,86970000.0,6521623.18240891,2024,2025,17163000.0,0.08256421102323643,0.21728479462200193
NISSAN,CEFIRO,10,3095000.0,3425000.0,5675000.0,1086827.7296282465,1999,2007,2580000.0,0.3173219648549625,0.7532846715328467
NISSAN,FB14 SUPER SALOON,10,2600000.0,2912500.0,3250000.0,211784.0881652821,1996,2006,650000.0,0.07271556675202819,0.22317596566523606
PEUGEOT,508 GT,10,28000000.0,28000000.0,28000000.0,0.0,2023,2023,0.0,0.0,0.0
SUZUKI,BALENO,10,2275000.0,8225000.0,9100000.0,3068092.965417516,1999,2020,6825000.0,0.3730204213273576,0.8297872340425532
TATA,INDIGO,10,890625.0,1853125.0,2965625.0,606210.2650208644,2006,2016,2075000.0,0.32712864216977505,1.1197301854974704
TOYOTA,AQUA G,10,6600000.0,7540000.0,8700000.0,625303.4818745571,2012,2015,2100000.0,0.08293149626983516,0.27851458885941643
TOYOTA,AQUA G LIMITED,10,6890000.0,7480000.0,8221562.5,427484.4673611772,2012,2017,1331562.5,0.057150329861119946,0.1780163770053476
TOYOTA,AXIO X LIMITED,10,7250000.0,7600000.0,8321250.0,384516.6518573098,2008,2012,1071250.0,0.050594296297014445,0.14095394736842104
TOYOTA,CORONA PREMIO,10,3175000.0,3837500.0,4500000.0,485736.55411138246,1996,2001,1325000.0,0.1265763007456371,0.34527687296416937
TOYOTA,DX WAGON KE72,10,790000.0,930000.0,1248750.0,158444.3141751841,1983,1987,458750.0,0.17037023029589687,0.4932795698924731
TOYOTA,PRIUS S TOURING,10,8850000.0,9278750.0,10800000.0,906191.5115225674,2010,2014,1950000.0,0.0976631024138561,0.21015761821366025
TOYOTA,SPRINTER,10,1225000.0,2665000.0,3795000.0,954440.6447990591,1985,2003,2570000.0,0.3581390787238496,0.9643527204502814
TOYOTA,STARLET EP82,10,2475000.0,2750000.0,3000000.0,167269.74223291746,1991,1997,525000.0,0.060825360811969986,0.19090909090909092
HONDA,CIVIC FD3,9,6387500.0,6500000.0,6600000.0,78849.14393955084,2007,2008,212500.0,0.012130637529161667,0.032692307692307694
HONDA,FIT GP1 NAVI PREMIUM,9,6375000.0,7125000.0,7300000.0,380354.36693226575,2010,2013,925000.0,0.053383069043125016,0.12982456140350876
MAZDA,323,9,590000.0,1650000.0,3300000.0,1037914.9103424187,1985,2001,2710000.0,0.6290393396014659,1.6424242424242423
MICRO,PANDA LC 1.0,9,2175000.0,2580000.0,3495000.0,517874.2608008242,2012,2018,1320000.0,0.20072645767473807,0.5116279069767442
NISSAN,PRESEA,9,1550000.0,2550000.0,3100000.0,493041.86209466815,1994,2002,1550000.0,0.19334974984104633,0.6078431372549019
NISSAN,WINGROAD,9,2300000.0,3300000.0,4100000.0,543139.0245600108,1996,2005,1800000.0,0.16458758320000327,0.5454545454545454
RENAULT,KWID RXT,9,2887500.0,3085000.0,3290000.0,143630.3850165417,2016,2017,402500.0,0.0465576612695435,0.13047001620745544
TOYOTA,ALLION 260 G GRADE,9,8400000.0,9550000.0,11450000.0,1193249.5315081605,2007,2011,3050000.0,0.12494759492232048,0.3193717277486911
TOYOTA,KE72,9,435000.0,970000.0,1150000.0,212050.17749999123,1982,1985,715000.0,0.21860843041236208,0.7371134020618557
HONDA,N BOX CUSTOM,8,6000000.0,6450000.0,7500000.0,504090.41139178874,2016,2017,1500000.0,0.0781535521537657,0.23255813953488372
MINI,COOPER,8,2650000.0,2975000.0,3500000.0,249441.34008391065,1988,1999,850000.0,0.08384582859963383,0.2857142857142857
MITSUBISHI,C12,8,740000.0,800000.0,1300000.0,212585.06700680015,1984,1990,560000.0,0.26573133375850017,0.7
MITSUBISHI,LANCER CK2,8,3390000.0,3750000.0,4302500.0,293657.47022922564,1997,2002,912500.0,0.07830865872779351,0.24333333333333335
NISSAN,DAYZ HIGHWAY STAR,8,5800000.0,6225000.0,6500000.0,233861.64677089915,2015,2018,700000.0,0.03756813602745368,0.11244979919678715
NISSAN,FB13 DOCTOR SUNNY,8,1479687.5,1687500.0,1967187.5,150702.66503206853,1990,1996,487500.0,0.08930528298196654,0.28888888888888886
NISSAN,N16 SUPER SALOON,8,3693750.0,3775000.0,3843750.0,43369.23305574186,2000,2004,150000.0,0.011488538557812414,0.039735099337748346
NISSAN,SB14,8,2070000.0,2437500.0,3134375.0,353718.67565439123,1996,1997,1064375.0,0.14511535411462204,0.43666666666666665
NISSAN,SUNNY FB14,8,1065625.0,2570000.0,3000000.0,770606.6972974235,1995,1999,1934375.0,0.29984696392895854,0.7526750972762646
PERODUA,KENARI,8,2800000.0,3158500.0,3300000.0,190792.89444690692,2007,2008,500000.0,0.06040617205854264,0.1583029919265474
SUZUKI,MARUTI ZEN,8,1065000.0,2037500.0,2700000.0,555760.4185772344,1996,2006,1635000.0,0.27276584960845857,0.8024539877300614
SUZUKI,WAGON R FZ PREMIUM,8,6409375.0,6637500.0,6864375.0,135106.91450926664,2018,2019,455000.0,0.0203550906981946,0.06854990583804144
TOYOTA,COROLLA 121 G GRADE,8,4995000.0,6150000.0,6750000.0,642988.2802753316,2001,2004,1755000.0,0.10455093988216774,0.28536585365853656
TOYOTA,TOYOTA,8,775000.0,2300000.0,7550000.0,2393907.3521576156,1985,2016,6775000.0,1.0408292835467894,2.9456521739130435
AUDI,A1,7,9137500.0,9950000.0,10700000.0,499843.72557830514,2016,2018,1562500.0,0.0502355503093774,0.157035175879397
AUSTIN,MINI COOPER,7,2150000.0,2300000.0,3000000.0,375753.2118165806,1980,1997,850000.0,0.1633709616593829,0.3695652173913043
HONDA,FIT GD1,7,4350000.0,4550000.0,4800000.0,185997.951857643,2003,2008,450000.0,0.04087867073794352,0.0989010989010989
HONDA,FIT GP4 RS,7,7750000.0,7825000.0,7875000.0,49701.48986940022,2012,2013,125000.0,0.006351628098325906,0.01597444089456869
HYUNDAI,MATRIX,7,2337500.0,2475000.0,2637500.0,93102.92563558224,2001,2003,300000.0,0.03761734369114434,0.12121212121212122
HYUNDAI,TRAJET,7,2850000.0,3500000.0,3695000.0,326239.3950109993,2000,2021,845000.0,0.09321125571742837,0.24142857142857144
KIA,SEPHIA,7,850000.0,1780000.0,2500000.0,555012.8698636508,1999,2002,1650000.0,0.31180498306946675,0.9269662921348315
KIA,SPECTRA,7,1675000.0,1790000.0,13076250.0,4914528.1996947825,2001,2002,11401250.0,2.7455464802764147,6.369413407821229
MAZDA,3,7,5490000.0,5800000.0,8025000.0,1006216.9840782946,2004,2015,2535000.0,0.17348568691005078,0.4370689655172414
MAZDA,FAMILIA BJ5P,7,3050000.0,3295000.0,3800000.0,284765.98579652497,1998,2003,750000.0,0.08642366792003793,0.2276176024279211
MAZDA,MAZDA,7,400000.0,1975000.0,5950000.0,2012779.7054961435,1993,2008,5550000.0,1.019128964808174,2.810126582278481
MERCEDES-BENZ,E300,7,20425000.0,22300000.0,24358333.33,1252015.5702947874,2014,2015,3933333.329999998,0.05614419597734473,0.17638266053811652
MICRO,BAIC X25,7,5495000.0,5850000.0,7450000.0,751690.9509328189,2017,2019,1955000.0,0.1284941796466357,0.33418803418803417
MITSUBISHI,MIRAGE,7,2375000.0,4300000.0,5375000.0,1091779.3471471895,1992,2013,3000000.0,0.25390217375516033,0.6976744186046512
NISSAN,MARCH K10,7,650000.0,1050000.0,1375000.0,299527.4055352309,1987,1991,725000.0,0.28526419574783896,0.6904761904761905
NISSAN,TRAD SUNNY HB12,7,1093750.0,1350000.0,1470000.0,122296.66068329795,1986,1999,376250.0,0.09059011902466514,0.27870370370370373
PROTON,SAGA,7,995000.0,1000000.0,8450000.0,3412621.182219517,1988,2024,7455000.0,3.412621182219517,7.455
SUZUKI,ALTO K10 VXI,7,2840000.0,2875000.0,4068750.0,517165.6816358804,2011,2016,1228750.0,0.17988371535161057,0.4273913043478261
SUZUKI,WAGON R PREMIUM,7,6306250.0,6619166.667,6780000.0,167258.1023943757,2018,2018,473750.0,0.02526875523897058,0.07157245372924223
SUZUKI,WAGON R STINGRAY TURBO,7,6920000.0,6920000.0,6920000.0,0.0,2017,2017,0.0,0.0,0.0
TOYOTA,AXIO 141,7,7300000.0,7800000.0,8000000.0,312549.04377058137,2007,2010,700000.0,0.04007039022699761,0.08974358974358974
TOYOTA,AXIO 161,7,9481250.0,9500000.0,9531250.0,17089.139547566505,2013,2013,50000.0,0.0017988567944806847,0.005263157894736842
TOYOTA,AXIO G,7,7900000.0,9250000.0,10950000.0,1274725.460638486,2007,2015,3050000.0,0.13780815790686335,0.32972972972972975
TOYOTA,CARINA AA60,7,550000.0,750000.0,975000.0,155506.08623826544,1983,1987,425000.0,0.20734144831768725,0.5666666666666667
TOYOTA,CE100,7,1850000.0,1900000.0,2375000.0,237609.62382305422,1991,1992,525000.0,0.1250576967489759,0.27631578947368424
TOYOTA,VITZ SAFETY EDITION 2,7,8800000.0,9155000.0,9450000.0,260688.19177963014,2018,2018,650000.0,0.02847495267936976,0.070999453850355
BAJAJ,QUTE,6,975000.0,1050000.0,1378125.0,150577.23136041075,2018,2019,403125.0,0.143406887009915,0.38392857142857145
FIAT,PUNTO,6,1225000.0,2175000.0,4000000.0,1097658.492731991,2001,2008,2775000.0,0.5046705713710303,1.2758620689655173
HONDA,CIVIC EX,6,13850000.0,14350000.0,14950000.0,419126.0749066642,2017,2019,1100000.0,0.029207391979558482,0.07665505226480836
HONDA,FIT GE6,6,5450000.0,5475000.0,5503125.0,19805.3680644079,2007,2010,53125.0,0.0036174188245493883,0.009703196347031963
HONDA,FREED,6,8250000.0,8941666.6665,9300000.0,450321.38731852564,2012,2013,1050000.0,0.05036213092192947,0.11742777260237516
HYUNDAI,EON MAGNA PLUS,6,3510000.0,3595000.0,3670000.0,54558.836742242485,2014,2015,160000.0,0.015176310637619607,0.04450625869262865
MAZDA,MR 90,6,750000.0,1135000.0,1200000.0,198485.93568982833,1992,1995,450000.0,0.17487747637870338,0.3964757709251101
MAZDA,RX-8,6,6090000.0,6650000.0,7800000.0,661833.941911917,2004,2018,1710000.0,0.099523901039386,0.2571428571428571
MERCEDES-BENZ,CLA 180,6,19800000.0,22600000.0,29000000.0,3930658.2236076966,2017,2019,9200000.0,0.17392293024812816,0.40707964601769914
MITSUBISHI,LANCER CS1 GLX,6,5146875.0,5497500.0,5951875.0,270097.4832850137,2003,2010,805000.0,0.049130965581630506,0.14643019554342884
NISSAN,AD WAGON Y10,6,1650000.0,2150000.0,2350000.0,262786.3517511263,1992,1998,700000.0,0.12222621011680293,0.32558139534883723
NISSAN,B12,6,600000.0,1187500.0,1850000.0,421129.4337849113,1987,1990,1250000.0,0.3546353126609779,1.0526315789473684
NISSAN,B14,6,1095625.0,2205000.0,2700000.0,571374.1317538798,1994,1997,1604375.0,0.25912659036457136,0.7276077097505669
NISSAN,FB12 TRAD SUNNY,6,1325000.0,1390000.0,1549375.0,79357.19944760317,1987,1988,224375.0,0.05709151039395911,0.1614208633093525
NISSAN,LEAF AZEO,6,4250000.0,4575000.0,5500000.0,472246.40460957104,2012,2014,1250000.0,0.1032232578381576,0.273224043715847
NISSAN,N16 SUNNY,6,3156250.0,3687500.0,3950000.0,291101.0885414206,2000,2021,793750.0,0.0789426680790293,0.21525423728813559
NISSAN,PRIMERA,6,2800000.0,3500000.0,3950000.0,446696.2054909354,1997,2022,1150000.0,0.1276274872831244,0.32857142857142857
NISSAN,SUNNY FB13,6,1411875.0,2050000.0,2100000.0,277309.17331413087,1991,1994,688125.0,0.13527276747030773,0.3356707317073171
SUZUKI,SWIFT BEETLE,6,3690000.0,4870000.0,5350000.0,632384.376783614,2004,2011,1660000.0,0.12985305478102957,0.3408624229979466
TATA,NANO LX,6,1150000.0,1237500.0,1295000.0,56715.665090578535,2011,2012,145000.0,0.04583084047723518,0.11717171717171718
TATA,NANO TWIST,6,1795000.0,1830000.0,1956875.0,60449.380511024836,2015,2017,161875.0,0.03303244836668024,0.08845628415300547
TOYOTA,ALLION 260 G,6,8675000.0,8865000.0,12400000.0,1767598.4178162944,2007,2013,3725000.0,0.19939068446884314,0.42019176536943037
TOYOTA,ALLION G GRADE,6,8400000.0,12000000.0,12700000.0,2001436.9837694117,2007,2014,4300000.0,0.16678641531411764,0.35833333333333334
TOYOTA,COROLLA CE90,6,1588437.5,1596250.0,1605937.5,5838.539343591572,1990,1991,17500.0,0.003657659729736302,0.01096319498825372
TOYOTA,IST FL GRADE,6,4939062.5,5391250.0,5575000.0,225476.78794288708,2003,2004,635937.5,0.04182272904111052,0.11795733827961975
TOYOTA,PREMIO 240,6,6275000.0,6475000.0,7006250.0,273968.2349287962,2002,2006,731250.0,0.0423116965140998,0.11293436293436293
TOYOTA,STARLET GT,6,4000000.0,4430000.0,4800000.0,295409.32054806035,1991,1999,800000.0,0.0666838195368082,0.18058690744920994
TOYOTA,TANK,6,8781250.0,8950000.0,9111250.0,110024.6184572649,2016,2017,330000.0,0.01229325345891228,0.03687150837988827
TOYOTA,VIOS S GRADE,6,4790000.0,4825000.0,4950000.0,63225.78587886435,2003,2003,160000.0,0.01310378981945375,0.03316062176165803
TOYOTA,VITZ SCP90,6,5418750.0,5725000.0,5950000.0,182620.5366782899,2007,2008,531250.0,0.03189878369926461,0.0927947598253275
VOLVO,S40,6,2000000.0,2847500.0,5350000.0,1229799.441643501,1997,2004,3350000.0,0.43188742463336294,1.1764705882352942
BMW,320D,5,5450000.0,18000000.0,29575000.0,8969747.766799243,2000,2013,24125000.0,0.49831932037773574,1.3402777777777777
HONDA,CIVIC FD1,5,7200000.0,7490000.0,7490000.0,158839.54167649816,2006,2008,290000.0,0.021206881398731395,0.03871829105473965
HONDA,FIT SHUTTLE GP7,5,11400000.0,12200000.0,13725000.0,907537.877997387,2015,2017,2325000.0,0.07438835065552352,0.19057377049180327
LEXUS,GX 550 OVERTRAIL+,5,48280000.0,49095000.0,49795000.0,629938.6478062762,2023,2023,1515000.0,0.01283101431523121,0.030858539566147265
MICRO,PANDA 1.0,5,2432500.0,2642500.0,2852500.0,153062.48723968913,2013,2017,420000.0,0.05792336319382749,0.15894039735099338
MITSUBISHI,LANCER C12,5,520000.0,690000.0,1065000.0,219647.44478368055,1985,1990,545000.0,0.31832963012127613,0.7898550724637681
MITSUBISHI,MINICA,5,1850000.0,2375000.0,2862500.0,381675.58213750063,2000,2004,1012500.0,0.1607055082684213,0.4263157894736842
MITSUBISHI,MITSUBISHI,5,695000.0,1250000.0,8600000.0,3325189.0923675303,1984,2013,7905000.0,2.6601512738940243,6.324
NISSAN,AD WAGON Y11,5,2690000.0,2750000.0,3107500.0,171113.99708965953,2000,2003,417500.0,0.0622232716689671,0.15181818181818182
NISSAN,AK12,5,3390000.0,4000000.0,4090000.0,304516.00943135977,2002,2007,700000.0,0.07612900235783994,0.175
NISSAN,B15,5,3250000.0,3350000.0,3790000.0,260230.66690918655,1998,2004,540000.0,0.07768079609229449,0.16119402985074627
NISSAN,BLUEBIRD SU14,5,2275000.0,2700000.0,2975000.0,322393.3932325537,1996,2001,700000.0,0.11940496045650136,0.25925925925925924
NISSAN,N16 EX SALOON,5,3755000.0,3975000.0,4115000.0,132410.34702771535,2001,2006,360000.0,0.03331077912646927,0.09056603773584905
NISSAN,PULSAR FN15,5,2450000.0,2850000.0,3000000.0,218677.84524272225,1997,2000,550000.0,0.07672906850621833,0.19298245614035087
NISSAN,SUPER SALOON,5,1690000.0,3240000.0,5875000.0,1705884.667848328,1991,2011,4185000.0,0.5265076135334346,1.2916666666666667
NISSAN,TIIDA LATIO,5,4900000.0,4950000.0,4990000.0,36503.42449688796,2006,2008,90000.0,0.0073744291912904965,0.01818181818181818
NISSAN,WINGROAD WFY11,5,3187500.0,3300000.0,3450000.0,97788.03607803973,1999,2002,262500.0,0.029632738205466587,0.07954545454545454
SUZUKI,ESTEEM,5,1475000.0,2150000.0,2650000.0,462420.2633968369,1999,2004,1175000.0,0.21507919227759856,0.5465116279069767
SUZUKI,MARUTI EFI,5,1425000.0,1630000.0,1850000.0,181542.00615835446,2004,2010,425000.0,0.11137546390083096,0.2607361963190184
SUZUKI,SWIFT RS TURBO,5,8150000.0,8862500.0,9575000.0,576696.9524802433,2017,2018,1425000.0,0.06507158843218543,0.1607898448519041
TOYOTA,AA60,5,575000.0,675000.0,875000.0,137386.31664034087,1982,1986,300000.0,0.2035352839116161,0.4444444444444444
TOYOTA,ALLION 260 G PLUS,5,12350000.0,12750000.0,13200000.0,310297.79632278695,2013,2016,850000.0,0.02433708206453231,0.06666666666666667
TOYOTA,AQUA URBAN,5,8720000.0,8720000.0,8720000.0,0.0,2015,2015,0.0,0.0,0.0
TOYOTA,CE90,5,1575000.0,1725000.0,1850000.0,137613.58944522883,1991,1991,275000.0,0.07977599388129208,0.15942028985507245
TOYOTA,COROLLA 121 G,5,5290000.0,5750000.0,6350000.0,483135.591733832,2001,2004,1060000.0,0.08402358117110122,0.18434782608695652
TOYOTA,COROLLA AE80,5,820000.0,1000000.0,1200000.0,149933.3185119305,1984,1986,380000.0,0.1499333185119305,0.38
TOYOTA,COROLLA CE110,5,2750000.0,3150000.0,3500000.0,293035.8339862209,1996,2001,750000.0,0.09302724888451457,0.23809523809523808
TOYOTA,COROLLA KE72,5,795000.0,845000.0,1250000.0,206960.14109001763,1983,1988,455000.0,0.24492324389351197,0.5384615384615384
TOYOTA,COROLLA WAGON,5,1775000.0,2450000.0,2690000.0,366104.49328026554,1991,2000,915000.0,0.14943040542051655,0.373469387755102
TOYOTA,STARLET GLANZA,5,3422500.0,3875000.0,4162500.0,272193.63512029446,1997,2000,740000.0,0.07024351874072116,0.19096774193548388
TOYOTA,VITZ EDITION 3,5,8975000.0,9890000.0,10450000.0,615909.8960075248,2019,2019,1475000.0,0.0622760258854929,0.14914054600606674
BMW,318I,4,20500000.0,21500000.0,27125000.0,3043735.0273416815,2016,2018,6625000.0,0.14156907103914798,0.3081395348837209
BMW,320I E90,4,11500000.0,11550000.0,12312500.0,392425.0193773754,2006,2010,812500.0,0.033976192153885316,0.07034632034632035
BMW,530E,4,36450000.0,36450000.0,36450000.0,0.0,2017,2017,0.0,0.0,0.0
CHERY,QQ 308,4,1300000.0,1312500.0,1375000.0,35355.33905932738,2006,2011,75000.0,0.026937401188058957,0.05714285714285714
CHEVROLET,CRUZE GM,4,3500000.0,3792500.0,4133125.0,258853.32830179462,2003,2005,633125.0,0.06825400878096101,0.1669413315754779
DAIHATSU,CUORE,4,1250000.0,1750000.0,1990000.0,317253.8415843061,1991,1997,740000.0,0.18128790947674633,0.4228571428571429
FIAT,LINEA,4,3200000.0,3620000.0,3950000.0,325102.54792398453,2011,2016,750000.0,0.08980733368065871,0.20718232044198895
HONDA,CIVIC SR,4,12500000.0,13295000.0,13950000.0,640364.4795479109,2017,2018,1450000.0,0.04816581267754125,0.10906355772846935
HONDA,FIT GP5 S GRADE SAFETY,4,9350000.0,9350000.0,9350000.0,0.0,2015,2015,0.0,0.0,0.0
HONDA,FIT GP5 SAFETY,4,8090000.0,8245000.0,8750000.0,311167.1576500322,2014,2015,660000.0,0.03774010402062246,0.08004851425106124
HONDA,GRACE EX GRADE,4,11045000.0,11085000.0,11125000.0,33665.01646120716,2014,2015,80000.0,0.003036988404258652,0.007216959855660803
HONDA,INSIGHT ZE3,4,8100000.0,8375000.0,8650000.0,317542.64805429394,2011,2012,550000.0,0.037915540066184354,0.06567164179104477
HONDA,S660,4,5875000.0,6695000.0,7750000.0,1005927.2256646268,2017,2018,1875000.0,0.15025051914333484,0.28005974607916356
HYUNDAI,GETZ,4,2850000.0,2932500.0,3095000.0,112878.99125464694,2002,2006,245000.0,0.03849240963500322,0.08354646206308611
HYUNDAI,STELLAR,4,625000.0,700000.0,875000.0,108012.34497346434,1984,1987,250000.0,0.1543033499620919,0.35714285714285715
ISUZU,GEMINI JT600,4,700000.0,906250.0,1275000.0,248406.37907804755,1987,1988,575000.0,0.2741035907068111,0.6344827586206897
KIA,MENTOR,4,1531250.0,1875000.0,2100000.0,234708.0966328175,2000,2000,568750.0,0.12517765153750265,0.30333333333333334
MAZDA,FAMILIA 323,4,1050000.0,1647500.0,3250000.0,952018.6885420545,1988,2000,2200000.0,0.5778565636067099,1.3353566009104705
MAZDA,FLAIR,4,5550000.0,5770000.0,6212500.0,278465.84919279895,2014,2016,662500.0,0.04826097906287677,0.11481802426343155
MERCEDES-BENZ,GLE 400E 4MATIC,4,47089000.0,48253500.0,49953000.0,1337449.905603944,2023,2024,2864000.0,0.027717158456981236,0.05935320753934948
MERCEDES-BENZ,W210 E200,4,3150000.0,4675000.0,4990000.0,840649.5504469544,1996,1998,1840000.0,0.17981808565710256,0.39358288770053473
MERCEDES-BENZ,W211 E240,4,7800000.0,8300000.0,9018750.0,501543.8405147981,2002,2003,1218750.0,0.06042696873672267,0.14683734939759036
MITSUBISHI,COLT,4,580000.0,3507500.0,3800000.0,1521306.3191437372,1980,2008,3220000.0,0.43372952790983244,0.9180327868852459
MITSUBISHI,EK WAGON,4,5675000.0,5700000.0,6115625.0,212306.51424198778,2016,2018,440625.0,0.03724675688455926,0.07730263157894737
NISSAN,AVENIR,4,1753125.0,1950000.0,1975000.0,103278.76793537966,1996,1998,221875.0,0.05296347073609213,0.11378205128205128
NISSAN,B310,4,425000.0,470000.0,590000.0,70872.53817006039,1980,1985,165000.0,0.1507926344043838,0.35106382978723405
NISSAN,CEFIRO J31,4,6750000.0,7325000.0,7800000.0,452769.2569068708,2003,2007,1050000.0,0.06181150264940216,0.14334470989761092
NISSAN,HB12 TRAD SUNNY,4,1250000.0,1379166.6665,1425000.0,77280.15412913088,1987,1987,175000.0,0.056033948620038576,0.12688821753799254
NISSAN,HB310,4,405000.0,600000.0,730000.0,134000.93283257398,1980,1997,325000.0,0.22333488805428997,0.5416666666666666
NISSAN,K10,4,700000.0,850000.0,975000.0,112500.0,1985,1990,275000.0,0.1323529411764706,0.3235294117647059
NISSAN,LEAF G GRADE,4,4875000.0,5150000.0,5440625.0,230959.48812778833,2013,2015,565625.0,0.044846502549085114,0.10983009708737865
NISSAN,PULSAR CJ2,4,2350000.0,2485000.0,2746875.0,166312.155517619,1998,1999,396875.0,0.06692642073143622,0.1597082494969819
NISSAN,SYLPHY,4,3975000.0,6825000.0,10500000.0,3545089.0327324644,2000,2014,6525000.0,0.5194269645029251,0.9560439560439561
NISSAN,WINGROAD Y11,4,3186250.0,3570000.0,3650000.0,209282.93996007738,2000,2002,463750.0,0.05862267225772475,0.12990196078431374
PERODUA,AXIA G,4,5275000.0,5540000.0,5975000.0,292816.7800291962,2015,2017,700000.0,0.05285501444570328,0.1263537906137184
PEUGEOT,508,4,11000000.0,14100000.0,17000000.0,2451530.1344262525,2011,2016,6000000.0,0.17386738542030158,0.425531914893617
SUZUKI,CULTUS,4,1025000.0,1950000.0,2990000.0,839428.128747979,1990,2000,1965000.0,0.43047596346050204,1.0076923076923077
SUZUKI,LIANA,4,3250000.0,3412500.0,3550000.0,166301.6836956259,2003,2007,300000.0,0.04873309412326034,0.08791208791208792
SUZUKI,SX4,4,4975000.0,5462500.0,5750000.0,356195.1712193751,2007,2010,775000.0,0.06520735399897026,0.14187643020594964
SUZUKI,WAGON R STINGRAY SAFETY,4,5650000.0,6122500.0,7390000.0,840301.2852542831,2014,2019,1740000.0,0.13724806619098132,0.2841976316864026
TATA,INDIGO GLX,4,1750000.0,2207500.0,2900000.0,584142.8906240893,2004,2015,1150000.0,0.2646173909961899,0.5209513023782559
TOYOTA,AE100 SPRINTER,4,1980000.0,2175000.0,2300000.0,145688.02284333465,1991,1995,320000.0,0.06698299900842973,0.1471264367816092
TOYOTA,AE81,4,895000.0,900000.0,1026875.0,64314.03869231558,1985,1989,131875.0,0.07146004299146176,0.14652777777777778
TOYOTA,AE91,4,1375000.0,1562500.0,1750000.0,216506.35094610965,1987,1992,375000.0,0.13856406460551018,0.24
TOYOTA,ALLION 240 ANNIVERSARY,4,8150000.0,8562500.0,8975000.0,336804.839632687,2007,2007,825000.0,0.03933487178191965,0.09635036496350365
TOYOTA,AQUA S,4,7075000.0,7250000.0,7534375.0,190178.3531046143,2012,2013,459375.0,0.0262314969799468,0.06336206896551724
TOYOTA,CARINA AT150,4,725000.0,957500.0,1050000.0,157929.30908057146,1985,1989,325000.0,0.16493922619380832,0.3394255874673629
TOYOTA,CARINA AT170,4,1400000.0,1575000.0,1650000.0,108012.34497346432,1988,1993,250000.0,0.06857926664981862,0.15873015873015872
TOYOTA,CARINA AT192,4,2550000.0,2562500.0,2575000.0,14433.756729740579,1993,1994,25000.0,0.005632685553069494,0.00975609756097561
TOYOTA,COROLLA DX,4,950000.0,1925000.0,2450000.0,758699.5452746759,1986,1996,1500000.0,0.3941296339089226,0.7792207792207793
TOYOTA,COROLLA SPRINTER,4,2350000.0,3262500.0,4300000.0,811473.7108085101,1997,2000,1950000.0,0.24872757419417935,0.5977011494252874
TOYOTA,CORONA AT170,4,1775000.0,1812500.0,1850000.0,43301.270189221934,1989,1991,75000.0,0.023890355966467273,0.041379310344827586
TOYOTA,EE90,4,1576875.0,1830000.0,1830000.0,126562.5,1987,1990,253125.0,0.06915983606557377,0.13831967213114754
TOYOTA,EE96,4,887500.0,1275000.0,1450000.0,238566.68354990392,1987,1990,562500.0,0.1871111243528658,0.4411764705882353
TOYOTA,ELEPHANT BACK,4,2225000.0,2550000.0,3100000.0,365362.2631489648,1994,1999,875000.0,0.14327931888194698,0.3431372549019608
TOYOTA,GLANZA,4,3275000.0,4445833.3335,5200000.0,799565.8544207321,1997,1997,1925000.0,0.17984611532688086,0.4329896907054175
TOYOTA,PLATZ,4,2900000.0,2900000.0,3446875.0,273437.5,1999,2000,546875.0,0.09428879310344827,0.18857758620689655
TOYOTA,PRIUS G TOURING,4,10250000.0,10250000.0,10750000.0,249999.99999999983,2012,2015,500000.0,0.024390243902439008,0.04878048780487805
TOYOTA,STARLET EP71,4,1325000.0,1525000.0,1675000.0,176186.45426554978,1986,1989,350000.0,0.11553210115773756,0.22950819672131148
VOLKSWAGEN,PASSAT,4,2300000.0,5995000.0,9550000.0,4005504.5458302335,2000,2010,7250000.0,0.6681408750342341,1.2093411175979982
AUDI,A3 TFSI,3,14950000.0,15900000.0,15900000.0,548482.7557301443,2015,2018,950000.0,0.03449577080063801,0.059748427672955975
BMW,320I,3,11500000.0,11500000.0,11500000.0,0.0,2007,2007,0.0,0.0,0.0
BMW,520I,3,10000000.0,17500000.0,17800000.0,4419275.958796871,2005,2011,7800000.0,0.25253005478839263,0.44571428571428573
CHEVROLET,AVEO,3,2375000.0,3100000.0,3550000.0,592839.213727747,2007,2008,1175000.0,0.1912384560412087,0.3790322580645161
DAEWOO,NUBIRA,3,1650000.0,1795000.0,2025000.0,189098.73963972722,1999,2002,375000.0,0.10534748726447199,0.20891364902506965
DAIHATSU,MIRA ES,3,5200000.0,5200000.0,6340000.0,658179.3068761734,2016,2018,1140000.0,0.12657294363003335,0.21923076923076923
DAIHATSU,MIRA SAFETY,3,5400000.0,5467500.0,5535000.0,67500.0,2016,2016,135000.0,0.012345679012345678,0.024691358024691357
FIAT,UNO,3,690000.0,1175000.0,1250000.0,303987.39008934784,1988,1996,560000.0,0.2587126724164662,0.4765957446808511
FORD,FESTIVA,3,1475000.0,1500000.0,1650000.0,94648.47243000458,1994,1997,175000.0,0.06309898162000305,0.11666666666666667
FORD,LASER GHIA,3,1090000.0,1250000.0,2300000.0,657292.4260428789,1986,1996,1210000.0,0.5258339408343031,0.968
HONDA,ACCORD,3,1900000.0,2650000.0,4600000.0,1393735.9864766353,1991,2003,2700000.0,0.5259381081043907,1.0188679245283019
HONDA,FIT GP1 10TH ANNIVERSARY,3,6650000.0,6850000.0,6850000.0,115470.05383792502,2011,2012,200000.0,0.01685694216612044,0.029197080291970802
HONDA,FIT GP4,3,7250000.0,7800000.0,7850000.0,332916.4059239697,2012,2012,600000.0,0.04268159050307304,0.07692307692307693
HONDA,FIT SHUTTLE GP2,3,8500000.0,8950000.0,9100000.0,312249.8999199199,2012,2013,600000.0,0.03488825697429273,0.0670391061452514
HONDA,GRACE EX SENSING,3,12600000.0,13125000.0,13650000.0,525000.0,2018,2018,1050000.0,0.04,0.08
HYUNDAI,ACCENT CRDI,3,7250000.0,7250000.0,7250000.0,0.0,2011,2011,0.0,0.0,0.0
HYUNDAI,ATOS,3,1700000.0,1975000.0,2095000.0,202505.14396758744,2001,2002,395000.0,0.10253425011017085,0.2
HYUNDAI,EON MAGNA,3,3450000.0,3490000.0,3600000.0,77674.5346515403,2014,2015,150000.0,0.022256313653736478,0.04297994269340974
JAGUAR,XF,3,21500000.0,23000000.0,24000000.0,1258305.7392117917,2014,2014,2500000.0,0.054708945183121374,0.10869565217391304
KIA,CERATO,3,3945000.0,6400000.0,6700000.0,1511459.0081551445,2005,2011,2755000.0,0.23616547002424132,0.43046875
KIA,OPTIMA,3,10875000.0,13000000.0,14500000.0,1821457.7495328663,2011,2012,3625000.0,0.14011213457945126,0.27884615384615385
KIA,PRIDE,3,1000000.0,1075000.0,1890000.0,493617.5982816388,1999,2000,890000.0,0.45917916119222213,0.827906976744186
KIA,RIO RS,3,2250000.0,2425000.0,3000000.0,392375.2455664518,2003,2007,750000.0,0.16180422497585642,0.30927835051546393
MAZDA,FAMILIA BJ5,3,2725000.0,2725000.0,3290000.0,326202.9020921385,2001,2003,565000.0,0.11970748700628935,0.20733944954128442
MAZDA,WAGON,3,425000.0,525000.0,850000.0,222204.86043288972,1985,1990,425000.0,0.4232473532055042,0.8095238095238095
MERCEDES-BENZ,C200 AMG PREMIUM PLUS,3,32500000.0,32500000.0,36500000.0,2309401.0767585034,2018,2020,4000000.0,0.07105849466949242,0.12307692307692308
MERCEDES-BENZ,C200 PREMIUM PLUS,3,31500000.0,31500000.0,32590000.0,629311.7934166926,2018,2020,1090000.0,0.019978152171958495,0.0346031746031746
MERCEDES-BENZ,E300 BLUETEC,3,5975000.0,19950000.0,21950000.0,8703459.56119366,2014,2015,15975000.0,0.4362636371525644,0.8007518796992481
MERCEDES-BENZ,S350,3,9500000.0,18000000.0,26000000.0,8251262.5296577085,2004,2011,16500000.0,0.4584034738698727,0.9166666666666666
MICRO,EMGRAND,3,3965000.0,3995000.0,4990000.0,583316.6664285647,2014,2014,1025000.0,0.146011681208652,0.2565707133917397
MICRO,MX7 MARK 2,3,2990000.0,3050000.0,3050000.0,34641.016151377546,2013,2015,60000.0,0.011357710213566408,0.019672131147540985
MICRO,PANDA LC,3,2090000.0,2675000.0,2675000.0,337749.90747593105,2012,2016,585000.0,0.12626164765455367,0.21869158878504674
MICRO,X25,3,5450000.0,5450000.0,5950000.0,288675.13459481293,2017,2018,500000.0,0.05296791460455283,0.09174311926605505
MITSUBISHI,EK WAGON CUSTOM,3,6200000.0,6200000.0,6200000.0,0.0,2016,2016,0.0,0.0,0.0
MITSUBISHI,LANCER CS2,3,4950000.0,5375000.0,5375000.0,245373.864405591,2002,2022,425000.0,0.04565095151731926,0.07906976744186046
MITSUBISHI,LANCER CS3 GLX,3,4695000.0,4890000.0,6150000.0,789794.2770114254,2001,2011,1455000.0,0.16151212208822605,0.29754601226993865
MITSUBISHI,LANCER EX,3,8500000.0,8500000.0,10950000.0,1414508.159514583,2008,2015,2450000.0,0.16641272464877446,0.28823529411764703
MITSUBISHI,LANCER GLX,3,675000.0,1090000.0,1111111.0,245921.21998789234,1985,1989,436111.0,0.22561579815402968,0.4001018348623853
MITSUBISHI,RVR,3,2975000.0,2975000.0,3950000.0,562916.5124598851,1998,1998,975000.0,0.18921563444029751,0.3277310924369748
NISSAN,B13,3,1450000.0,1750000.0,2450000.0,513160.14394468843,1983,1992,1000000.0,0.2932343679683934,0.5714285714285714
NISSAN,DAYZ ROOX,3,6300000.0,6395000.0,6490000.0,95000.0,2015,2017,190000.0,0.014855355746677092,0.029710711493354185
NISSAN,FB15 SUNNY EX SALOON,3,3675000.0,3675000.0,3685000.0,5773.50269189619,1998,2000,10000.0,0.0015710211406520247,0.0027210884353741495
NISSAN,N16 BLUEBIRD SYLPHY,3,3550000.0,3850000.0,4000000.0,229128.784747792,2001,2002,450000.0,0.05951397006436156,0.11688311688311688
NISSAN,N16 SUNNY SUPER SALOON,3,3675000.0,3750000.0,3895000.0,111840.66046538405,2000,2000,220000.0,0.029824176124102413,0.058666666666666666
NISSAN,NOTE,3,4850000.0,7500000.0,9650000.0,2404336.3602735233,2009,2017,4800000.0,0.3205781813698031,0.64
NISSAN,PRESEA R11,3,2400000.0,2750000.0,2980000.0,292061.63733020466,1996,2001,580000.0,0.10620423175643806,0.2109090909090909
NISSAN,PULSAR CJ1,3,2650000.0,2690000.0,2795000.0,74888.8064622032,1997,2001,145000.0,0.027839705004536502,0.05390334572490706
NISSAN,SB13,3,1500000.0,1525000.0,1600000.0,52041.64998665334,1991,1993,100000.0,0.03412567212239563,0.06557377049180328
NISSAN,SUNNY B310,3,420000.0,450000.0,665000.0,133635.0752360073,1980,1994,245000.0,0.29696683385779404,0.5444444444444444
NISSAN,SUNNY N17 SUPER SALOON,3,4265000.0,4575000.0,5990000.0,919596.8319504658,2005,2011,1725000.0,0.20100477201103079,0.3770491803278688
NISSAN,SUNNY SB14,3,2350000.0,2400000.0,2490000.0,70945.98884597581,1997,1998,140000.0,0.029560828685823253,0.058333333333333334
NISSAN,SUNNY SUPER SALOON,3,3950000.0,4700000.0,5900000.0,983615.7786453001,2004,2011,1950000.0,0.20927995290325532,0.4148936170212766
NISSAN,TRAD SUNNY B12,3,1125000.0,1225000.0,1225000.0,57735.026918962554,1987,1989,100000.0,0.04713063421956127,0.08163265306122448
NISSAN,TRAD SUNNY FB12,3,1250000.0,1250000.0,1850000.0,346410.16151377547,1987,1990,600000.0,0.27712812921102037,0.48
NISSAN,Y10,3,475000.0,1975000.0,3200000.0,1364810.7316889523,1998,1999,2725000.0,0.6910434084501025,1.379746835443038
OPEL,ASTRA,3,1100000.0,1250000.0,1275000.0,94648.47243000452,1995,1998,175000.0,0.07571877794400361,0.14
PERODUA,KANCIL,3,1375000.0,1550000.0,1780000.0,203121.47432837656,1998,2002,405000.0,0.13104611246992037,0.26129032258064516
PEUGEOT,306,3,1400000.0,1550000.0,1750000.0,175594.22921421233,1998,1999,350000.0,0.11328659949304022,0.22580645161290322
PEUGEOT,406 D9,3,2025000.0,2475000.0,2675000.0,332916.4059239696,1999,2002,650000.0,0.13451167916119983,0.26262626262626265
PROTON,GEN 2,3,1875000.0,2000000.0,3390000.0,840927.0677849139,2005,2006,1515000.0,0.42046353389245694,0.7575
SUBARU,LEONE,3,1090000.0,1375000.0,1375000.0,164544.82671904334,1981,1992,285000.0,0.11966896488657698,0.20727272727272728
SUZUKI,AERIO,3,3300000.0,3325000.0,3350000.0,25000.0,2002,2003,50000.0,0.007518796992481203,0.015037593984962405
SUZUKI,ESTILO VXI,3,3370000.0,3495000.0,3545000.0,90138.78188659973,2011,2011,175000.0,0.025790781655679464,0.05007153075822604
SUZUKI,HUSTLER J STYLE,3,5890000.0,5900000.0,6650000.0,435928.12863284396,2015,2017,760000.0,0.0738861234970922,0.1288135593220339
SUZUKI,KEI,3,2800000.0,3250000.0,3575000.0,389176.4809611873,2001,2003,775000.0,0.11974660952651917,0.23846153846153847
SUZUKI,MARUTI 800 EFI,3,1480000.0,1500000.0,2050000.0,323470.76117221685,2000,2011,570000.0,0.21564717411481124,0.38
SUZUKI,SUZUKI,3,650000.0,2480000.0,6475000.0,2978801.4927707645,1988,2018,5825000.0,1.2011296341817599,2.348790322580645
SUZUKI,SWIFT JEEP MODEL,3,3675000.0,4250000.0,4500000.0,423034.6715499018,2002,2005,825000.0,0.09953756977644748,0.19411764705882353
SUZUKI,SWIFT KEI,3,3280000.0,3495000.0,4000000.0,369605.64570002625,2003,2008,720000.0,0.10575268832618777,0.20600858369098712
SUZUKI,SWIFT RS TURBO SAFETY,3,8950000.0,8950000.0,9675000.0,418578.94516247854,2017,2019,725000.0,0.04676859722485794,0.08100558659217877
SUZUKI,SWIFT ZXI,3,3550000.0,4100000.0,5100000.0,785811.6822750856,2006,2015,1550000.0,0.19166138592075257,0.3780487804878049
SUZUKI,WAGON R SAFETY,3,5295000.0,5350000.0,5390000.0,47696.96007084728,2014,2016,95000.0,0.008915319639410706,0.017757009345794394
SUZUKI,WAGON R VXI,3,2950000.0,3450000.0,3475000.0,296155.92739861435,2008,2011,525000.0,0.08584229779669982,0.15217391304347827
TOYOTA,110 SPRINTER,3,2785000.0,2800000.0,3600000.0,466270.66531504353,1996,2000,815000.0,0.16652523761251556,0.2910714285714286
TOYOTA,AE80,3,760000.0,965000.0,1100000.0,171196.7678822627,1983,1988,340000.0,0.17740597708006497,0.35233160621761656
TOYOTA,AT150,3,720000.0,950000.0,1025000.0,158928.70518988487,1985,1987,305000.0,0.16729337388408935,0.32105263157894737
TOYOTA,AXIO FIELDER,3,9800000.0,9900000.0,9900000.0,57735.02691896231,2013,2014,100000.0,0.005831820900905283,0.010101010101010102
TOYOTA,CARINA 170,3,1050000.0,1475000.0,1725000.0,341259.9204907212,1991,1992,675000.0,0.23136265795981098,0.4576271186440678
TOYOTA,CARINA AT 170,3,1475000.0,1750000.0,1750000.0,158771.32402714706,1989,1992,275000.0,0.09072647087265547,0.15714285714285714
TOYOTA,CARINA GT,3,3750000.0,3750000.0,5350000.0,923760.4307034012,1997,2004,1600000.0,0.2463361148542403,0.4266666666666667
TOYOTA,COROLLA 141 LX,3,6800000.0,8790000.0,8790000.0,1148927.0356873556,2008,2010,1990000.0,0.13070842271756036,0.22639362912400454
TOYOTA,COROLLA 2 WINDY,3,2075000.0,2425000.0,2625000.0,278388.2181415011,1992,1996,550000.0,0.11479926521299014,0.2268041237113402
TOYOTA,COROLLA AE81,3,780000.0,890000.0,1020000.0,120138.80860626735,1984,1985,240000.0,0.1349874254003004,0.2696629213483146
TOYOTA,COROLLA AE91,3,1065000.0,1470000.0,1650000.0,299624.7653315727,1987,1989,585000.0,0.20382637097385897,0.3979591836734694
TOYOTA,COROLLA EE96,3,1475000.0,1550000.0,1750000.0,142156.01757693317,1989,1991,275000.0,0.09171355972705365,0.1774193548387097
TOYOTA,COROLLA SPRINTER 110,3,2890000.0,3090000.0,3090000.0,115470.05383792511,1995,1997,200000.0,0.03736894946211169,0.06472491909385113
TOYOTA,DUET,3,2560000.0,2650000.0,2850000.0,148436.29385474877,2002,2003,290000.0,0.05601369579424482,0.10943396226415095
TOYOTA,PIXIS,3,6500000.0,7000000.0,7925000.0,722985.7075581325,2017,2018,1425000.0,0.10328367250830464,0.20357142857142857
TOYOTA,PRIUS 20,3,6000000.0,6450000.0,6575000.0,302420.78852706775,2008,2008,575000.0,0.046886943957684925,0.08914728682170543
TOYOTA,VISTA,3,650000.0,650000.0,1850000.0,692820.3230275509,1991,1992,1200000.0,1.0658774200423862,1.8461538461538463
TOYOTA,VITZ JEWELA,3,7550000.0,7900000.0,9700000.0,1153617.4987114808,2015,2018,2150000.0,0.14602753148246592,0.2721518987341772
TOYOTA,VITZ SAFETY EDITION 3,3,9000000.0,9700000.0,9850000.0,453688.5862938735,2019,2019,850000.0,0.04677201920555397,0.08762886597938144
VOLKSWAGEN,JETTA,3,725000.0,6500000.0,9500000.0,4460030.829489859,1987,2016,8775000.0,0.686158589152286,1.35
AUDI,A3 S LINE,2,17800000.0,17800000.0,17800000.0,0.0,2018,2018,0.0,0.0,0.0
AUDI,A4 S LINE,2,10200000.0,15850000.0,21500000.0,7990306.627407987,2010,2016,11300000.0,0.5041202919500307,0.7129337539432177
AUDI,A5,2,22000000.0,26825000.0,31650000.0,6823580.438450184,2014,2018,9650000.0,0.2543739212842566,0.3597390493942218
AUDI,A6 S LINE,2,11750000.0,18275000.0,24800000.0,9227743.494484445,2010,2016,13050000.0,0.5049380845135127,0.7140902872777017
AUDI,A8L,2,25000000.0,25000000.0,25000000.0,0.0,2013,2013,0.0,0.0,0.0
BMW,318I M SPORT,2,25000000.0,25000000.0,25000000.0,0.0,2018,2018,0.0,0.0,0.0
BMW,I3 REX,2,16700000.0,16700000.0,16700000.0,0.0,2016,2016,0.0,0.0,0.0
DAEWOO,DAEWOO,2,425000.0,1087500.0,1750000.0,936916.4850721755,1987,1996,1325000.0,0.8615324000663683,1.2183908045977012
DAEWOO,LEGANZA,2,1350000.0,1675000.0,2000000.0,459619.4077712559,2000,2002,650000.0,0.27439964643060055,0.3880597014925373
DAEWOO,MATIZ,2,1275000.0,1525000.0,1775000.0,353553.39059327374,1999,2001,500000.0,0.23183828891362213,0.32786885245901637
DAEWOO,RACER,2,925000.0,962500.0,1000000.0,53033.00858899106,1994,1995,75000.0,0.055099229702847856,0.07792207792207792
DAIHATSU,CHARADE G100S,2,995000.0,1222500.0,1450000.0,321733.5854398791,1987,1987,455000.0,0.2631767570060361,0.3721881390593047
DAIHATSU,CHARADE G101S,2,800000.0,800000.0,800000.0,0.0,1989,1989,0.0,0.0,0.0
DATSUN,DATSUN,2,465000.0,465000.0,465000.0,0.0,2017,2017,0.0,0.0,0.0
FIAT,GRANDE PUNTO,2,2850000.0,3175000.0,3500000.0,459619.4077712559,2007,2007,650000.0,0.14476201819567114,0.2047244094488189
FORD,FORD,2,2150000.0,2562500.0,2975000.0,583363.0944789017,1998,2001,825000.0,0.2276538905283519,0.32195121951219513
FORD,LASER BF GHIA,2,1275000.0,1312500.0,1350000.0,53033.00858899106,1985,1986,75000.0,0.04040610178208843,0.05714285714285714
FORD,LASER GL,2,1025000.0,1112500.0,1200000.0,123743.68670764581,1982,1989,175000.0,0.11123028018664792,0.15730337078651685
FORD,MONDEO,2,1350000.0,1800000.0,2250000.0,636396.1030678927,2003,2003,900000.0,0.35355339059327373,0.5
FORD,TELSTAR,2,875000.0,5187500.0,9500000.0,6098795.987733972,1985,1985,8625000.0,1.1756715157077537,1.6626506024096386
FOTON,PROTON SAGA,2,995000.0,995000.0,995000.0,0.0,2009,2011,0.0,0.0,0.0
HONDA,ACCORD I-VTEC,2,3850000.0,6075000.0,8300000.0,3146625.1762801367,1999,2009,4450000.0,0.5179629919802694,0.7325102880658436
HONDA,CIVIC EX TECH PACK,2,14000000.0,15750000.0,17500000.0,2474873.7341529164,2017,2020,3500000.0,0.15713484026367722,0.2222222222222222
HONDA,CIVIC FD4,2,6650000.0,6650000.0,6650000.0,0.0,2007,2008,0.0,0.0,0.0
HONDA,CRZ,2,6490000.0,6545000.0,6600000.0,77781.74593052022,2013,2013,110000.0,0.011884147582967184,0.01680672268907563
HONDA,FIT GP1 PREMIUM,2,6900000.0,7050000.0,7200000.0,212132.03435596425,2013,2013,300000.0,0.030089650263257342,0.0425531914893617
HONDA,FIT GP5 S GRADE MUGEN,2,8600000.0,8625000.0,8650000.0,35355.33905932738,2013,2013,50000.0,0.004099169746008971,0.005797101449275362
HONDA,FIT GP5 S SAFETY,2,8450000.0,8770000.0,9090000.0,452548.3399593904,2013,2015,640000.0,0.05160186316526687,0.07297605473204105
HONDA,GRACE EX LIMITED,2,2875000.0,6385000.0,9895000.0,4963889.603929563,2016,2016,7020000.0,0.777429851829219,1.0994518402505873
HONDA,GRAND CIVIC,2,1325000.0,1487500.0,1650000.0,229809.70388562794,1990,1990,325000.0,0.1544939185785734,0.2184873949579832
HONDA,HONDA,2,500000.0,3700000.0,6900000.0,4525483.399593905,1988,2010,6400000.0,1.223103621511866,1.7297297297297298
HONDA,INTEGRA,2,700000.0,775000.0,850000.0,106066.01717798212,1987,1987,150000.0,0.1368593770038479,0.1935483870967742
HONDA,N BOX CUSTOM TURBO,2,6950000.0,7100000.0,7250000.0,212132.03435596425,2016,2018,300000.0,0.029877751317741445,0.04225352112676056
HONDA,N WGN CUSTOM,2,6500000.0,6587500.0,6675000.0,123743.68670764581,2018,2018,175000.0,0.018784620373077165,0.026565464895635674
HYUNDAI,ACCENT GLS,2,2400000.0,2747500.0,3095000.0,491439.2129246505,2001,2007,695000.0,0.17886777540478635,0.2529572338489536
HYUNDAI,EXCEL,2,770000.0,825000.0,880000.0,77781.74593052022,1993,1999,110000.0,0.09428090415820632,0.13333333333333333
HYUNDAI,HYUNDAI,2,775000.0,982500.0,1190000.0,293449.3141924172,1992,1993,415000.0,0.29867614676072995,0.4223918575063613
HYUNDAI,SANTRO,2,2100000.0,2245000.0,2390000.0,205060.96654409877,2004,2005,290000.0,0.0913411877701999,0.1291759465478842
HYUNDAI,SANTRO XING,2,2000000.0,2137500.0,2275000.0,194454.36482630056,2004,2004,275000.0,0.09097280225791839,0.1286549707602339
HYUNDAI,SONATA H MATIC,2,2050000.0,2350000.0,2650000.0,424264.0687119285,2002,2005,600000.0,0.18053790157954405,0.2553191489361702
JAGUAR,X TYPE,2,4800000.0,6050000.0,7300000.0,1767766.9529663688,2003,2008,2500000.0,0.29219288478782957,0.4132231404958678
KIA,CARENS,2,1970000.0,2180000.0,2390000.0,296984.84809834993,2000,2001,420000.0,0.1362315816964908,0.1926605504587156
KIA,MENTOR JAPAN,2,875000.0,875004.0,875008.0,5.656854249492381,2000,2001,8.0,6.46494673109195e-06,9.142815347129842e-06
MAZDA,6,2,1260000.0,8380000.0,15500000.0,10069200.564096436,2013,2015,14240000.0,1.2015752463122238,1.6992840095465394
MAZDA,ASTINA,2,1550000.0,1550000.0,1550000.0,0.0,1989,1989,0.0,0.0,0.0
MAZDA,BJ5P,2,3250000.0,3290000.0,3330000.0,56568.5424949238,2001,2003,80000.0,0.01719408586471848,0.0243161094224924
MAZDA,CAROL,2,5375000.0,5375000.0,5375000.0,0.0,2015,2015,0.0,0.0,0.0
MERCEDES-BENZ,#NAME?,2,7890000.0,7890000.0,7890000.0,0.0,2003,2003,0.0,0.0,0.0
MERCEDES-BENZ,C180 KOMPRESSOR,2,10700000.0,10837500.0,10975000.0,194454.36482630056,2010,2010,275000.0,0.01794273262526418,0.025374855824682813
MERCEDES-BENZ,C200 AMG,2,24000000.0,26250000.0,28500000.0,3181980.515339464,2015,2018,4500000.0,0.12121830534626529,0.17142857142857143
MERCEDES-BENZ,C220,2,13000000.0,13750000.0,14500000.0,1060660.1717798214,2012,2013,1500000.0,0.07713892158398701,0.10909090909090909
MERCEDES-BENZ,C220 CDI,2,15375000.0,15375000.0,15375000.0,0.0,2013,2013,0.0,0.0,0.0
MERCEDES-BENZ,E220,2,20450000.0,22725000.0,25000000.0,3217335.854398791,2013,2015,4550000.0,0.14157693528707552,0.2002200220022002
MERCEDES-BENZ,E220 CDI,2,11650000.0,24575000.0,37500000.0,18278710.293672252,2006,2017,25850000.0,0.743792890892055,1.051881993896236
MERCEDES-BENZ,E350E,2,33975000.0,35737500.0,37500000.0,2492551.40368258,2017,2018,3525000.0,0.06974610433529431,0.09863588667366212
MERCEDES-BENZ,E350E AMG PREMIUM,2,31500000.0,31850000.0,32200000.0,494974.74683058326,2017,2017,700000.0,0.015540808377726319,0.02197802197802198
MERCEDES-BENZ,W 123,2,2500000.0,2500000.0,2500000.0,0.0,1980,1980,0.0,0.0,0.0
MERCEDES-BENZ,W115,2,1150000.0,1400000.0,1650000.0,353553.39059327374,1975,1979,500000.0,0.25253813613805265,0.35714285714285715
MERCEDES-BENZ,W124,2,3450000.0,3975000.0,4500000.0,742462.1202458749,1986,1986,1050000.0,0.18678292333229557,0.2641509433962264
MICRO,BAIC,2,5350000.0,5425000.0,5500000.0,106066.01717798212,2018,2018,150000.0,0.01955133957197827,0.027649769585253458
MITSUBISHI,CS3,2,4800000.0,5975000.0,7150000.0,1661700.9357883867,2004,2011,2350000.0,0.27810894322818186,0.39330543933054396
MITSUBISHI,LANCER ASP,2,780000.0,890000.0,1000000.0,155563.49186104044,1991,1996,220000.0,0.17479044029330387,0.24719101123595505
MITSUBISHI,LANCER CB1,2,2250000.0,2475000.0,2700000.0,318198.05153394636,1994,1995,450000.0,0.12856486930664499,0.18181818181818182
MITSUBISHI,LANCER CB8,2,1450000.0,1800000.0,2150000.0,494974.74683058326,1992,1992,700000.0,0.27498597046143514,0.3888888888888889
MITSUBISHI,LANCER CS3,2,4000000.0,4687500.0,5375000.0,972271.8241315029,2001,2004,1375000.0,0.20741798914805396,0.29333333333333333
MITSUBISHI,LANCER FLAT LIGHT,2,620000.0,700000.0,780000.0,113137.0849898476,1977,1977,160000.0,0.16162440712835371,0.22857142857142856
MITSUBISHI,LANCER GLX ASP,2,1150000.0,1312500.0,1475000.0,229809.70388562794,1989,1990,325000.0,0.17509310772238318,0.24761904761904763
NISSAN,BLUEBIRD SYLPHY G11,2,6750000.0,7375000.0,8000000.0,883883.4764831844,2010,2010,1250000.0,0.11984860698077077,0.1694915254237288
NISSAN,C24,2,1575000.0,1575000.0,1575000.0,0.0,2000,2001,0.0,0.0,0.0
NISSAN,CEDRIC,2,2500000.0,2500000.0,2500000.0,0.0,1993,1993,0.0,0.0,0.0
NISSAN,DOCTOR SUNNY B13,2,1435000.0,1605000.0,1775000.0,240416.30560342615,1991,1992,340000.0,0.14979209071864558,0.2118380062305296
NISSAN,EX SALOON,2,3790000.0,4145000.0,4500000.0,502045.81464244873,2001,2004,710000.0,0.12112082379793697,0.1712907117008444
NISSAN,FB13 DOCTOR SUNNY SUPER SALOON,2,1970000.0,2010000.0,2050000.0,56568.5424949238,1992,1994,80000.0,0.028143553480061593,0.03980099502487562
NISSAN,FB14 EX SALOON,2,2990000.0,3165000.0,3340000.0,247487.37341529163,1998,1998,350000.0,0.0781950626904555,0.11058451816745656
NISSAN,FB15 SUNNY,2,3725000.0,3855000.0,3985000.0,183847.76310850235,2000,2000,260000.0,0.047690729729831995,0.06744487678339818
NISSAN,FB15 SUPER SALOON SPLEND,2,3750000.0,3800000.0,3850000.0,70710.67811865476,1999,2000,100000.0,0.018608073189119674,0.02631578947368421
NISSAN,LEAF AZEO G GRADE,2,4450000.0,4700000.0,4950000.0,353553.39059327374,2013,2014,500000.0,0.07522412565814335,0.10638297872340426
NISSAN,LUCINO,2,2750000.0,2750000.0,2750000.0,0.0,1998,1998,0.0,0.0,0.0
NISSAN,N16 SUNNY BLUEBIRD SYLPHY,2,3195000.0,3245000.0,3295000.0,70710.67811865476,2001,2001,100000.0,0.021790655814685596,0.030816640986132512
NISSAN,N16 SUNNY EX SALOON,2,3525000.0,3587500.0,3650000.0,88388.34764831843,2001,2002,125000.0,0.02463786694029782,0.03484320557491289
NISSAN,N16 SYLPHY,2,3750000.0,3862500.0,3975000.0,159099.02576697318,2000,2001,225000.0,0.041190686282711504,0.05825242718446602
NISSAN,N17 EX SALOON,2,3925000.0,4307500.0,4690000.0,540936.6876077089,2008,2008,765000.0,0.12558019445332766,0.1775972141613465
NISSAN,PULSAR FB14,2,2790000.0,2882500.0,2975000.0,130814.75451951129,1997,2001,185000.0,0.04538239532333436,0.06418039895923677
NISSAN,RZ 1,2,1050000.0,1200000.0,1350000.0,212132.03435596425,1987,1989,300000.0,0.17677669529663687,0.25
NISSAN,SALOON,2,1230000.0,1230000.0,1230000.0,0.0,1987,1987,0.0,0.0,0.0
NISSAN,SB12,2,1125000.0,1550000.0,1975000.0,601040.7640085653,1989,1989,850000.0,0.3877682348442357,0.5483870967741935
NISSAN,SUNNY B14,2,1750000.0,1962500.0,2175000.0,300520.38200428267,1994,1996,425000.0,0.15313140484294657,0.21656050955414013
NISSAN,SUNNY B15,2,3450000.0,3912500.0,4375000.0,654073.7725975565,1999,2001,925000.0,0.16717540513675563,0.2364217252396166
NISSAN,SUNNY B211,2,565000.0,625000.0,685000.0,84852.8137423857,1977,1978,120000.0,0.13576450198781712,0.192
NISSAN,SUNNY FB12,2,1295000.0,1372500.0,1450000.0,109601.55108391486,1986,1987,155000.0,0.07985541062580317,0.11293260473588343
NISSAN,SUNNY FB14 SUPER SALOON,2,2275000.0,2562500.0,2850000.0,406586.3991822648,1995,1998,575000.0,0.15866786309551797,0.22439024390243903
NISSAN,SUNNY FB15 SUPER SALOON,2,3650000.0,4325000.0,5000000.0,954594.1546018391,1999,2003,1350000.0,0.22071541146863333,0.31213872832369943
NISSAN,TEANA,2,10500000.0,11000000.0,11500000.0,707106.7811865475,2010,2013,1000000.0,0.06428243465332249,0.09090909090909091
NISSAN,TRAD SUNNY WHB12,2,780000.0,1477500.0,2175000.0,986413.9597552338,1987,1990,1395000.0,0.6676236614248622,0.9441624365482234
NISSAN,VY11,2,2750000.0,2950000.0,3150000.0,282842.71247461904,2004,2005,400000.0,0.09587888558461663,0.13559322033898305
NISSAN,WINGROAD Y10,2,1990000.0,2060000.0,2130000.0,98994.94936611665,1996,1997,140000.0,0.04805580066316342,0.06796116504854369
PEUGEOT,305GL,2,875000.0,875000.0,875000.0,0.0,1986,1986,0.0,0.0,0.0
PEUGEOT,505,2,950000.0,975000.0,1000000.0,35355.33905932738,1983,1986,50000.0,0.03626188621469475,0.05128205128205128
PEUGEOT,607,2,2750000.0,3000000.0,3250000.0,353553.39059327374,2000,2001,500000.0,0.11785113019775792,0.16666666666666666
PROTON,PERSONA,2,3800000.0,4000000.0,4200000.0,282842.71247461904,2010,2011,400000.0,0.07071067811865477,0.1
PROTON,SAVVY,2,2200000.0,2450000.0,2700000.0,353553.39059327374,2006,2008,500000.0,0.14430750636460152,0.20408163265306123
RENAULT,KWID SPORTS RXT,2,3175000.0,3175000.0,3175000.0,0.0,2016,2016,0.0,0.0,0.0
SUBARU,IMPREZA,2,3675000.0,4437500.0,5200000.0,1078337.841309485,1996,2000,1525000.0,0.24300571071763044,0.3436619718309859
SUZUKI,BALENO TURBO,2,8900000.0,9125000.0,9350000.0,318198.05153394636,2018,2019,450000.0,0.0348710193461859,0.049315068493150684
SUZUKI,CELERIO LXI,2,4225000.0,4600000.0,4975000.0,530330.0858899107,2015,2015,750000.0,0.11528914910650233,0.16304347826086957
SUZUKI,LIANA JAPAN,2,3200000.0,3425000.0,3650000.0,318198.05153394636,2002,2007,450000.0,0.09290454059385295,0.13138686131386862
SUZUKI,MARUTI 800 SPORT,2,1875000.0,2062500.0,2250000.0,265165.04294495535,2008,2010,375000.0,0.128564869306645,0.18181818181818182
SUZUKI,MARUTI ALTO 800,2,2375000.0,2862500.0,3350000.0,689429.1116568838,2007,2015,975000.0,0.24084859795873673,0.3406113537117904
SUZUKI,SPACIA XS CUSTOM,2,7980000.0,8290000.0,8600000.0,438406.20433565945,2018,2018,620000.0,0.052883739968113325,0.07478890229191798
SUZUKI,SWIFT BEETLE JAPAN,2,4650000.0,4900000.0,5150000.0,353553.39059327374,2005,2006,500000.0,0.07215375318230076,0.10204081632653061
SUZUKI,WAGON R FZ SAFETY MODEL,2,6250000.0,6422500.0,6595000.0,243951.8395093589,2017,2017,345000.0,0.03798393764256269,0.053717399766446086
SUZUKI,WAGON R JAPAN,2,3000000.0,3395000.0,3790000.0,558614.3571373726,2002,2006,790000.0,0.1645403113806694,0.23269513991163476
SUZUKI,WORKS,2,3665000.0,3732500.0,3800000.0,95459.41546018391,1998,2002,135000.0,0.0255751950328691,0.0361687876758205
TATA,INDICA GLX XETA,2,1690000.0,1970000.0,2250000.0,395979.7974644666,2006,2014,560000.0,0.20100497333221654,0.28426395939086296
TATA,INDICA V2,2,1450000.0,1565000.0,1680000.0,162634.55967290592,2005,2006,230000.0,0.10391984643636161,0.14696485623003194
TATA,INDICA V2 GLX XETA,2,1625000.0,1625000.0,1625000.0,0.0,2006,2006,0.0,0.0,0.0
TATA,INDICA XETA GLX,2,1900000.0,2300000.0,2700000.0,565685.4249492381,2009,2015,800000.0,0.2459501847605383,0.34782608695652173
TOYOTA,121 HATCHBACK,2,5925000.0,5962500.0,6000000.0,53033.00858899106,2002,2002,75000.0,0.008894424920585503,0.012578616352201259
TOYOTA,AE91 SPRINTER,2,1470000.0,1560000.0,1650000.0,127279.22061357855,1987,1987,180000.0,0.08158924398306318,0.11538461538461539
TOYOTA,ALLION 240 G,2,6675000.0,6675000.0,6675000.0,0.0,2003,2003,0.0,0.0,0.0
TOYOTA,ALLION 240 G GRADE,2,6850000.0,6922500.0,6995000.0,102530.48327204939,2003,2004,145000.0,0.014811192960931656,0.020946189960274468
TOYOTA,ALLION NZT260,2,9250000.0,10625000.0,12000000.0,1944543.6482630058,2007,2012,2750000.0,0.18301587277769465,0.25882352941176473
TOYOTA,AQUA LIMITED EDITION,2,6985000.0,7317500.0,7650000.0,470226.0094890541,2012,2013,665000.0,0.06426047276925918,0.0908780321147933
TOYOTA,AXIO FIELDER WXB,2,10900000.0,11900000.0,12900000.0,1414213.562373095,2015,2017,2000000.0,0.11884147582967185,0.16806722689075632
TOYOTA,AXIO G SAFETY,2,12000000.0,12000000.0,12000000.0,0.0,2016,2016,0.0,0.0,0.0
TOYOTA,AXIO X,2,6950000.0,6950000.0,6950000.0,0.0,2007,2007,0.0,0.0,0.0
TOYOTA,CALDINA,2,2300000.0,2395000.0,2490000.0,134350.28842544404,1996,1997,190000.0,0.05609615383108311,0.07933194154488518
TOYOTA,CAMRY G LIMITED,2,7900000.0,8500000.0,9100000.0,848528.137423857,2007,2008,1200000.0,0.09982683969692435,0.1411764705882353
TOYOTA,CARINA 192,2,2550000.0,2565000.0,2580000.0,21213.203435596424,1994,1995,30000.0,0.008270254750719854,0.011695906432748537
TOYOTA,CARINA AT 150,2,775000.0,987500.0,1200000.0,300520.38200428267,1985,1988,425000.0,0.30432443747269133,0.43037974683544306
TOYOTA,CARINA AT 192,2,2650000.0,2775000.0,2900000.0,176776.69529663687,1994,1996,250000.0,0.06370331362040968,0.09009009009009009
TOYOTA,CARINA CT210,2,3575000.0,3750000.0,3925000.0,247487.37341529163,1997,1997,350000.0,0.06599663291074444,0.09333333333333334
TOYOTA,CARINA SI MY ROAD,2,4950000.0,5137500.0,5325000.0,265165.04294495535,1999,1999,375000.0,0.05161363366325165,0.072992700729927
TOYOTA,CARINA TI MY ROAD 212,2,4875000.0,4875000.0,4875000.0,0.0,1999,1999,0.0,0.0,0.0
TOYOTA,CARINA TI MYROAD,2,4475000.0,4512500.0,4550000.0,53033.00858899106,1999,2007,75000.0,0.01175246727733874,0.01662049861495845
TOYOTA,CE110 SE SALOON LIMITED,2,3660000.0,3720000.0,3780000.0,84852.8137423857,1998,1998,120000.0,0.022809896167307983,0.03225806451612903
TOYOTA,CE96,2,2250000.0,2250000.0,2250000.0,0.0,1991,1991,0.0,0.0,0.0
TOYOTA,COROLLA 110 SPRINTER,2,2750000.0,2950000.0,3150000.0,282842.71247461904,2000,2001,400000.0,0.09587888558461663,0.13559322033898305
TOYOTA,COROLLA 110 XE SALOON,2,3275000.0,3530000.0,3785000.0,360624.4584051392,1996,1998,510000.0,0.10215990323091763,0.14447592067988668
TOYOTA,COROLLA 111,2,2800000.0,3445000.0,4090000.0,912167.7477306463,1996,2000,1290000.0,0.2647801880205069,0.37445573294629897
TOYOTA,COROLLA 121 X,2,5890000.0,6045000.0,6200000.0,219203.10216782973,2002,2003,310000.0,0.03626188621469474,0.05128205128205128
TOYOTA,COROLLA AE110 XE SALOON,2,3190000.0,3570000.0,3950000.0,537401.1537017762,1995,1997,760000.0,0.1505325360509177,0.21288515406162464
TOYOTA,COROLLA CE110 XE SALOON,2,3790000.0,3790000.0,3790000.0,0.0,1997,1997,0.0,0.0,0.0
TOYOTA,COROLLA EE111,2,3300000.0,3545000.0,3790000.0,346482.32278140826,1997,2000,490000.0,0.09773831390166665,0.1382228490832158
TOYOTA,COROLLA EE90,2,1450000.0,1525000.0,1600000.0,106066.01717798212,1988,1990,150000.0,0.06955148667408664,0.09836065573770492
TOYOTA,COROLLA ELEPHANT BACK EE103,2,2380000.0,2785000.0,3190000.0,572756.4927611036,1996,2000,810000.0,0.20565762756233522,0.29084380610412924
TOYOTA,CORONA 190,2,2350000.0,2500000.0,2650000.0,212132.03435596425,1992,1993,300000.0,0.0848528137423857,0.12
TOYOTA,CORONA AT150,2,900000.0,975000.0,1050000.0,106066.01717798212,1985,1987,150000.0,0.10878565864408422,0.15384615384615385
TOYOTA,CORONA CT 170,2,1690000.0,1720000.0,1750000.0,42426.40687119285,1989,1994,60000.0,0.02466651562278654,0.03488372093023256
TOYOTA,CORONA CT 190,2,2175000.0,2275000.0,2375000.0,141421.35623730952,1993,1994,200000.0,0.06216323351090528,0.08791208791208792
TOYOTA,CORONA CT190,2,2295000.0,2322500.0,2350000.0,38890.87296526011,1992,1994,55000.0,0.01674526284833589,0.023681377825618945
TOYOTA,CORSA EL51,2,2290000.0,2882500.0,3475000.0,837921.5357060588,1996,1996,1185000.0,0.2906926403143309,0.4111014744145707
TOYOTA,CT170,2,1750000.0,1837500.0,1925000.0,123743.68670764581,1990,1991,175000.0,0.06734350297014738,0.09523809523809523
TOYOTA,DX,2,800000.0,845000.0,890000.0,63639.61030678928,1985,1988,90000.0,0.07531314829205832,0.10650887573964497
TOYOTA,DX KE72,2,880000.0,1227500.0,1575000.0,491439.2129246505,1985,2016,695000.0,0.40035781093657885,0.5661914460285132
TOYOTA,EP82,2,2550000.0,2612500.0,2675000.0,88388.34764831843,1993,1995,125000.0,0.033832860343853945,0.04784688995215311
TOYOTA,EP91,2,3690000.0,3690000.0,3690000.0,0.0,1997,1997,0.0,0.0,0.0
TOYOTA,LEXUS 600HL,2,26500000.0,52750000.0,79000000.0,37123106.01229375,2007,2011,52500000.0,0.7037555642140995,0.995260663507109
TOYOTA,MARINO,2,2200000.0,2400000.0,2600000.0,282842.71247461904,1992,1995,400000.0,0.11785113019775793,0.16666666666666666
TOYOTA,MARK 2,2,2950000.0,3975000.0,5000000.0,1449568.9014324225,1997,2004,2050000.0,0.36467142174400563,0.5157232704402516
TOYOTA,PASSO HANA KGC30,2,5190000.0,5190000.0,5190000.0,0.0,2010,2010,0.0,0.0,0.0
TOYOTA,PASSO MODA,2,7590000.0,7895000.0,8200000.0,431335.136523794,2018,2020,610000.0,0.05463396282758632,0.07726409119696011
TOYOTA,PASSO SAFETY,2,7550000.0,7570000.0,7590000.0,28284.2712474619,2017,2017,40000.0,0.00373636344088004,0.005284015852047556
TOYOTA,PREMIO 260 G SUPERIOR,2,10200000.0,10425000.0,10650000.0,318198.05153394636,2008,2011,450000.0,0.03052259487136176,0.04316546762589928
TOYOTA,PREMIO CORONA,2,3450000.0,3450000.0,3450000.0,0.0,1996,1996,0.0,0.0,0.0
TOYOTA,PRIUS 2ND GEN ANNIVERSARY,2,6500000.0,6575000.0,6650000.0,106066.01717798212,2008,2008,150000.0,0.016131713639236826,0.022813688212927757
TOYOTA,PRIUS 4TH GEN,2,16985000.0,17090000.0,17195000.0,148492.42404917497,2016,2016,210000.0,0.00868884868631802,0.012287887653598596
TOYOTA,PRIUS G GRADE,2,9600000.0,9725000.0,9850000.0,176776.69529663687,2012,2013,250000.0,0.01817755221559248,0.02570694087403599
TOYOTA,PRIUS S GRADE,2,9550000.0,10200000.0,10850000.0,919238.8155425118,2012,2014,1300000.0,0.09012145250416782,0.12745098039215685
TOYOTA,PRIUS S LED,2,9875000.0,9875000.0,9875000.0,0.0,2013,2013,0.0,0.0,0.0
TOYOTA,PRIUS S LIMITED,2,8450000.0,9475000.0,10500000.0,1449568.9014324225,2010,2012,2050000.0,0.1529888022619971,0.21635883905013192
TOYOTA,SPRINTER AE80,2,850000.0,950000.0,1050000.0,141421.35623730952,1984,1984,200000.0,0.1488645855129574,0.21052631578947367
TOYOTA,STARLET EP82 X LIMITED,2,2860000.0,3175000.0,3490000.0,445477.2721475249,1993,1995,630000.0,0.14030780225118894,0.1984251968503937
TOYOTA,STARLET NP80,2,2350000.0,2375000.0,2400000.0,35355.33905932738,1990,1992,50000.0,0.014886458551295738,0.021052631578947368
TOYOTA,STARLET NP90,2,2850000.0,2925000.0,3000000.0,106066.01717798212,1998,1999,150000.0,0.03626188621469474,0.05128205128205128
TOYOTA,VIOS JAPAN,2,4675000.0,4762500.0,4850000.0,123743.68670764581,2003,2004,175000.0,0.02598292634281277,0.03674540682414698
TOYOTA,VISTA CV30,2,2250000.0,2325000.0,2400000.0,106066.01717798212,1991,1993,150000.0,0.045619792334615966,0.06451612903225806
TOYOTA,VITZ KSP130 EDITION,2,6650000.0,7212500.0,7775000.0,795495.128834866,2011,2016,1125000.0,0.1102939520048341,0.1559792027729636
TOYOTA,VITZ RS,2,5975000.0,5975000.0,5975000.0,0.0,2008,2008,0.0,0.0,0.0
VOLKSWAGEN,POLO R-LINE,2,11000000.0,11900000.0,12800000.0,1272792.2061357854,2019,2019,1800000.0,0.10695732824670466,0.15126050420168066
VOLVO,850,2,975000.0,1312500.0,1650000.0,477297.07730091957,1995,1996,675000.0,0.36365491603879585,0.5142857142857142
VOLVO,S60,2,3475000.0,3912500.0,4350000.0,618718.4335382291,2004,2004,875000.0,0.15813889675098508,0.22364217252396165
ZOTYE,ZOTYE,2,875000.0,1212500.0,1550000.0,477297.07730091957,1999,2017,675000.0,0.39364707406261407,0.5567010309278351
AUDI,A1 RS,1,10500000.0,10500000.0,10500000.0,0.0,2016,2016,0.0,0.0,0.0
AUDI,A3 S-LINE,1,14500000.0,14500000.0,14500000.0,0.0,2018,2018,0.0,0.0,0.0
AUDI,A4 1.9 TDI,1,500000.0,500000.0,500000.0,0.0,2001,2001,0.0,0.0,0.0
AUDI,A4 B8,1,11200000.0,11200000.0,11200000.0,0.0,2011,2011,0.0,0.0,0.0
AUDI,A4 RS4 CONVERSION,1,14000000.0,14000000.0,14000000.0,0.0,2012,2012,0.0,0.0,0.0
AUDI,A6 T1.8,1,8695000.0,8695000.0,8695000.0,0.0,2004,2004,0.0,0.0,0.0
AUDI,A6 TFSI,1,25650000.0,25650000.0,25650000.0,0.0,2017,2017,0.0,0.0,0.0
AUDI,Q4,1,47500000.0,47500000.0,47500000.0,0.0,2024,2024,0.0,0.0,0.0
AUSTIN,CAMBRIDGE,1,1275000.0,1275000.0,1275000.0,0.0,1960,1960,0.0,0.0,0.0
AUSTIN,COOPER S,1,3350000.0,3350000.0,3350000.0,0.0,1998,1998,0.0,0.0,0.0
AUSTIN,MINI,1,2500000.0,2500000.0,2500000.0,0.0,1960,1960,0.0,0.0,0.0
AUSTIN,MORRIS MINI COOPER,1,3800000.0,3800000.0,3800000.0,0.0,1961,1961,0.0,0.0,0.0
BMW,116I,1,16000000.0,16000000.0,16000000.0,0.0,2013,2013,0.0,0.0,0.0
BMW,316I,1,16900000.0,16900000.0,16900000.0,0.0,2014,2014,0.0,0.0,0.0
BMW,316I E30,1,3900000.0,3900000.0,3900000.0,0.0,1990,1990,0.0,0.0,0.0
BMW,316I SPORTS,1,17800000.0,17800000.0,17800000.0,0.0,2015,2015,0.0,0.0,0.0
BMW,318I LUXURY LINE,1,21875000.0,21875000.0,21875000.0,0.0,2018,2018,0.0,0.0,0.0
BMW,318I M SPORT AUSTRALIAN,1,28000000.0,28000000.0,28000000.0,0.0,2018,2018,0.0,0.0,0.0
BMW,318I M SPORT SHADOW,1,27500000.0,27500000.0,27500000.0,0.0,2018,2018,0.0,0.0,0.0
BMW,318I MSPORT,1,22500000.0,22500000.0,22500000.0,0.0,2017,2017,0.0,0.0,0.0
BMW,318I SHADOW EDITION,1,28000000.0,28000000.0,28000000.0,0.0,2018,2018,0.0,0.0,0.0
BMW,320D SPORTS,1,17900000.0,17900000.0,17900000.0,0.0,2013,2013,0.0,0.0,0.0
BMW,420D,1,35000000.0,35000000.0,35000000.0,0.0,2015,2015,0.0,0.0,0.0
BMW,430I GRAN COUPE,1,45000000.0,45000000.0,45000000.0,0.0,2017,2017,0.0,0.0,0.0
BMW,520,1,22800000.0,22800000.0,22800000.0,0.0,2012,2012,0.0,0.0,0.0
BMW,520D 3 OPTION,1,23800000.0,23800000.0,23800000.0,0.0,2013,2013,0.0,0.0,0.0
BMW,520D M SPORT,1,36000000.0,36000000.0,36000000.0,0.0,2015,2015,0.0,0.0,0.0
BMW,520D MSPORT,1,21800002.0,21800002.0,21800002.0,0.0,2012,2012,0.0,0.0,0.0
BMW,525 E,1,1450000.0,1450000.0,1450000.0,0.0,1974,1974,0.0,0.0,0.0
BMW,530I M SPORT,1,46000000.0,46000000.0,46000000.0,0.0,2017,2017,0.0,0.0,0.0
BMW,535I,1,18500000.0,18500000.0,18500000.0,0.0,2011,2011,0.0,0.0,0.0
BMW,730 LI,1,17500000.0,17500000.0,17500000.0,0.0,2006,2006,0.0,0.0,0.0
BMW,730IL,1,27500000.0,27500000.0,27500000.0,0.0,2011,2011,0.0,0.0,0.0
BMW,730L ACTIVEHYBRID 7,1,28500000.0,28500000.0,28500000.0,0.0,2014,2014,0.0,0.0,0.0
BMW,740LE M SPORT,1,57500000.0,57500000.0,57500000.0,0.0,2016,2016,0.0,0.0,0.0
BMW,DE90,1,12700000.0,12700000.0,12700000.0,0.0,2011,2011,0.0,0.0,0.0
BMW,E 30,1,2850000.0,2850000.0,2850000.0,0.0,1988,1988,0.0,0.0,0.0
BMW,E 36 318I,1,4500000.0,4500000.0,4500000.0,0.0,1993,1993,0.0,0.0,0.0
BMW,E30 316I,1,1800000.0,1800000.0,1800000.0,0.0,1991,1991,0.0,0.0,0.0
BMW,E34,1,2950000.0,2950000.0,2950000.0,0.0,1990,1990,0.0,0.0,0.0
BMW,E39,1,8500000.0,8500000.0,8500000.0,0.0,2002,2002,0.0,0.0,0.0
BMW,E46 318I,1,6500000.0,6500000.0,6500000.0,0.0,2002,2002,0.0,0.0,0.0
BMW,E46 320D,1,6250000.0,6250000.0,6250000.0,0.0,2000,2000,0.0,0.0,0.0
BMW,E60 530I,1,9500000.0,9500000.0,9500000.0,0.0,2004,2004,0.0,0.0,0.0
BMW,G30 530I,1,38000000.0,38000000.0,38000000.0,0.0,2017,2017,0.0,0.0,0.0
BMW,I8 COUPE,1,34900000.0,34900000.0,34900000.0,0.0,2018,2018,0.0,0.0,0.0
BMW,LUXURY LINE,1,22500000.0,22500000.0,22500000.0,0.0,2017,2017,0.0,0.0,0.0
BMW,M SPORT,1,42500000.0,42500000.0,42500000.0,0.0,2018,2018,0.0,0.0,0.0
BMW,M2351,1,35500000.0,35500000.0,35500000.0,0.0,2014,2014,0.0,0.0,0.0
BMW,M5 4400,1,35000000.0,35000000.0,35000000.0,0.0,2012,2012,0.0,0.0,0.0
BMW,MINI COOPER,1,14950000.0,14950000.0,14950000.0,0.0,2020,2020,0.0,0.0,0.0
BMW,MINI COOPER S,1,8950000.0,8950000.0,8950000.0,0.0,2007,2007,0.0,0.0,0.0
BMW,MINI COORPER,1,10500000.0,10500000.0,10500000.0,0.0,2015,2015,0.0,0.0,0.0
BYD,SEAL,1,39450000.0,39450000.0,39450000.0,0.0,2024,2024,0.0,0.0,0.0
CHERY,CHERY,1,3150000.0,3150000.0,3150000.0,0.0,2015,2015,0.0,0.0,0.0
CHEVROLET,AVEO UVA LT,1,2700000.0,2700000.0,2700000.0,0.0,2007,2007,0.0,0.0,0.0
CHEVROLET,BEAT,1,2750000.0,2750000.0,2750000.0,0.0,2011,2011,0.0,0.0,0.0
CHEVROLET,CRUZE GM LIMITED,1,3950000.0,3950000.0,3950000.0,0.0,2004,2004,0.0,0.0,0.0
CHEVROLET,CRUZE JAPAN GM SPORT,1,3850000.0,3850000.0,3850000.0,0.0,2004,2004,0.0,0.0,0.0
CHEVROLET,SPORT,1,32500000.0,32500000.0,32500000.0,0.0,2012,2012,0.0,0.0,0.0
CHEVROLET,UVA AVEO LT,1,2800000.0,2800000.0,2800000.0,0.0,2007,2007,0.0,0.0,0.0
CHEVROLET,UVA HACHBACK,1,2500000.0,2500000.0,2500000.0,0.0,2008,2008,0.0,0.0,0.0
CITROEN,E-C4,1,22850000.0,22850000.0,22850000.0,0.0,2024,2024,0.0,0.0,0.0
DAEWOO,CIELO,1,985000.0,985000.0,985000.0,0.0,1996,1996,0.0,0.0,0.0
DAEWOO,ESPERO GLXI KOREA,1,1975000.0,1975000.0,1975000.0,0.0,2001,2001,0.0,0.0,0.0
DAEWOO,KALOS,1,3000000.0,3000000.0,3000000.0,0.0,2003,2003,0.0,0.0,0.0
DAEWOO,LANOS,1,1850000.0,1850000.0,1850000.0,0.0,2002,2002,0.0,0.0,0.0
DAEWOO,RACER GTI SPORT,1,1275000.0,1275000.0,1275000.0,0.0,1994,1994,0.0,0.0,0.0
DAIHATSU,BOOM,1,4175000.0,4175000.0,4175000.0,0.0,2004,2004,0.0,0.0,0.0
DAIHATSU,CHARADE G100,1,1250000.0,1250000.0,1250000.0,0.0,1991,1991,0.0,0.0,0.0
DAIHATSU,CHARADE G11,1,750000.0,750000.0,750000.0,0.0,1985,1985,0.0,0.0,0.0
DAIHATSU,CHARADE G200S,1,1500000.0,1500000.0,1500000.0,0.0,1997,1997,0.0,0.0,0.0
DAIHATSU,CHARMANT,1,1650000.0,1650000.0,1650000.0,0.0,1985,1985,0.0,0.0,0.0
DAIHATSU,COPEN,1,5800000.0,5800000.0,5800000.0,0.0,2015,2015,0.0,0.0,0.0
DAIHATSU,COPEN X PLAY,1,6700000.0,6700000.0,6700000.0,0.0,2015,2015,0.0,0.0,0.0
DAIHATSU,CUOREMIRA,1,1850000.0,1850000.0,1850000.0,0.0,1997,1997,0.0,0.0,0.0
DAIHATSU,DAIHATSU,1,950000.0,950000.0,950000.0,0.0,1982,1982,0.0,0.0,0.0
DAIHATSU,G101S,1,1250000.0,1250000.0,1250000.0,0.0,1994,1994,0.0,0.0,0.0
DAIHATSU,JAPAN,1,1450000.0,1450000.0,1450000.0,0.0,1996,1996,0.0,0.0,0.0
DAIHATSU,MINI HUMMER,1,4975000.0,4975000.0,4975000.0,0.0,2009,2009,0.0,0.0,0.0
DAIHATSU,MIRA ES SAFETY,1,5800000.0,5800000.0,5800000.0,0.0,2018,2018,0.0,0.0,0.0
DAIHATSU,MIRA GINO SPECIAL EDITION,1,4100000.0,4100000.0,4100000.0,0.0,2001,2001,0.0,0.0,0.0
DAIHATSU,MIRA JAPAN,1,3560000.0,3560000.0,3560000.0,0.0,2003,2003,0.0,0.0,0.0
DAIHATSU,MOVE JAPAN,1,6950000.0,6950000.0,6950000.0,0.0,2017,2017,0.0,0.0,0.0
DAIHATSU,SPORT,1,610000.0,610000.0,610000.0,0.0,1987,1987,0.0,0.0,0.0
DAIHATSU,TANK,1,8100000.0,8100000.0,8100000.0,0.0,2019,2019,0.0,0.0,0.0
DAIHATSU,TANTO,1,7300000.0,7300000.0,7300000.0,0.0,2017,2017,0.0,0.0,0.0
DAIHATSU,YRV,1,3400000.0,3400000.0,3400000.0,0.0,2003,2003,0.0,0.0,0.0
DATSUN,B110,1,575000.0,575000.0,575000.0,0.0,1972,1972,0.0,0.0,0.0
DATSUN,B2 10,1,590000.0,590000.0,590000.0,0.0,1979,1979,0.0,0.0,0.0
DATSUN,B310,1,950000.0,950000.0,950000.0,0.0,1980,1980,0.0,0.0,0.0
FIAT,127,1,800000.0,800000.0,800000.0,0.0,1980,1980,0.0,0.0,0.0
FIAT,128,1,1280000.0,1280000.0,1280000.0,0.0,1977,1977,0.0,0.0,0.0
FIAT,BRAVO,1,3500000.0,3500000.0,3500000.0,0.0,2004,2004,0.0,0.0,0.0
FIAT,LINEA G,1,3490000.0,3490000.0,3490000.0,0.0,2011,2011,0.0,0.0,0.0
FIAT,PUNTO SX,1,1300000.0,1300000.0,1300000.0,0.0,1998,1998,0.0,0.0,0.0
FIAT,TEMPRA EFI,1,815000.0,815000.0,815000.0,0.0,1999,1999,0.0,0.0,0.0
FIAT,UNO 60,1,775000.0,775000.0,775000.0,0.0,1987,1987,0.0,0.0,0.0
FORD,FOCUS,1,5850000.0,5850000.0,5850000.0,0.0,2011,2011,0.0,0.0,0.0
FORD,FOCUS MK3,1,8490000.0,8490000.0,8490000.0,0.0,2012,2012,0.0,0.0,0.0
FORD,FOCUS ST,1,11000000.0,11000000.0,11000000.0,0.0,2017,2017,0.0,0.0,0.0
FORD,FOCUS TITANIUM,1,11800000.0,11800000.0,11800000.0,0.0,2015,2015,0.0,0.0,0.0
FORD,LASER BF,1,1380000.0,1380000.0,1380000.0,0.0,1988,1988,0.0,0.0,0.0
FORD,LASER BG3,1,720000.0,720000.0,720000.0,0.0,1991,1991,0.0,0.0,0.0
FORD,LASER GL SEDAN,1,980000.0,980000.0,980000.0,0.0,1991,1991,0.0,0.0,0.0
FOTON,SAGA,1,995000.0,995000.0,995000.0,0.0,2011,2011,0.0,0.0,0.0
HONDA,ACCORD CD 3,1,3050000.0,3050000.0,3050000.0,0.0,1997,1997,0.0,0.0,0.0
HONDA,ACCORD CF3 EURO,1,3890000.0,3890000.0,3890000.0,0.0,1999,1999,0.0,0.0,0.0
HONDA,ACCORD CF9 EX,1,3975000.0,3975000.0,3975000.0,0.0,2002,2002,0.0,0.0,0.0
HONDA,ACCORD CL7,1,5750000.0,5750000.0,5750000.0,0.0,2007,2007,0.0,0.0,0.0
HONDA,ACCORD EX PREMIUM,1,14700000.0,14700000.0,14700000.0,0.0,2013,2013,0.0,0.0,0.0
HONDA,ACCORD IVTEC,1,8300000.0,8300000.0,8300000.0,0.0,2009,2009,0.0,0.0,0.0
HONDA,ARIA GD8,1,4990000.0,4990000.0,4990000.0,0.0,2008,2008,0.0,0.0,0.0
HONDA,CF9,1,4650000.0,4650000.0,4650000.0,0.0,2003,2003,0.0,0.0,0.0
HONDA,CITY GD 8,1,4375000.0,4375000.0,4375000.0,0.0,2003,2003,0.0,0.0,0.0
HONDA,CITY V-TEC,1,2925000.0,2925000.0,2925000.0,0.0,2000,2000,0.0,0.0,0.0
HONDA,CITY VTEC,1,2850000.0,2850000.0,2850000.0,0.0,2000,2000,0.0,0.0,0.0
HONDA,CIVIC EFI VTEC,1,2380000.0,2380000.0,2380000.0,0.0,1992,1992,0.0,0.0,0.0
HONDA,CIVIC EG8,1,2975000.0,2975000.0,2975000.0,0.0,1991,1991,0.0,0.0,0.0
HONDA,CIVIC EK,1,4000000.0,4000000.0,4000000.0,0.0,1999,1999,0.0,0.0,0.0
HONDA,CIVIC EK3 VTEC VIRS,1,4975000.0,4975000.0,4975000.0,0.0,2000,2000,0.0,0.0,0.0
HONDA,CIVIC ES08,1,5050000.0,5050000.0,5050000.0,0.0,2004,2004,0.0,0.0,0.0
HONDA,CIVIC ES1,1,4950000.0,4950000.0,4950000.0,0.0,2004,2004,0.0,0.0,0.0
HONDA,CIVIC ES5,1,5200000.0,5200000.0,5200000.0,0.0,2003,2003,0.0,0.0,0.0
HONDA,CIVIC ES5 VTEC,1,5800000.0,5800000.0,5800000.0,0.0,2003,2003,0.0,0.0,0.0
HONDA,CIVIC FB1,1,2550000.0,2550000.0,2550000.0,0.0,2012,2012,0.0,0.0,0.0
HONDA,CIVIC FD1 TYPE S,1,7750000.0,7750000.0,7750000.0,0.0,2007,2007,0.0,0.0,0.0
HONDA,CIVIC FD1S,1,6500000.0,6500000.0,6500000.0,0.0,2006,2006,0.0,0.0,0.0
HONDA,CIVIC FK6,1,14000000.0,14000000.0,14000000.0,0.0,2017,2017,0.0,0.0,0.0
HONDA,CIVIC LIMITED EDITION,1,795000.0,795000.0,795000.0,0.0,1985,1985,0.0,0.0,0.0
HONDA,CIVIC MUGEN KIT,1,14390000.0,14390000.0,14390000.0,0.0,2018,2018,0.0,0.0,0.0
HONDA,CIVIC SEDAN,1,21000000.0,21000000.0,21000000.0,0.0,2020,2020,0.0,0.0,0.0
HONDA,CIVIC SEDAN 1.6 JAPAN,1,17975000.0,17975000.0,17975000.0,0.0,2016,2016,0.0,0.0,0.0
HONDA,CIVIC SR VTEC CVT,1,14000000.0,14000000.0,14000000.0,0.0,2017,2017,0.0,0.0,0.0
HONDA,CIVIC TECH PACK UK,1,13900000.0,13900000.0,13900000.0,0.0,2018,2018,0.0,0.0,0.0
HONDA,CIVIC TECHPACK,1,16500000.0,16500000.0,16500000.0,0.0,2019,2019,0.0,0.0,0.0
HONDA,DEA-GJ1,1,6985000.0,6985000.0,6985000.0,0.0,2007,2007,0.0,0.0,0.0
HONDA,DELSOL,1,4750000.0,4750000.0,4750000.0,0.0,1992,1992,0.0,0.0,0.0
HONDA,ES1,1,5300000.0,5300000.0,5300000.0,0.0,2002,2002,0.0,0.0,0.0
HONDA,FD1,1,6800000.0,6800000.0,6800000.0,0.0,2007,2007,0.0,0.0,0.0
HONDA,FD3,1,7000000.0,7000000.0,7000000.0,0.0,2008,2008,0.0,0.0,0.0
HONDA,FIT ARIA GD 9,1,5200000.0,5200000.0,5200000.0,0.0,2008,2008,0.0,0.0,0.0
HONDA,FIT ARIA GD8,1,3895000.0,3895000.0,3895000.0,0.0,2003,2003,0.0,0.0,0.0
HONDA,FIT GE 6,1,5800000.0,5800000.0,5800000.0,0.0,2009,2009,0.0,0.0,0.0
HONDA,FIT GP1 SHES GOLD BATCH,1,6550000.0,6550000.0,6550000.0,0.0,2012,2012,0.0,0.0,0.0
HONDA,FIT GP4 RS MUGAN,1,7850000.0,7850000.0,7850000.0,0.0,2015,2015,0.0,0.0,0.0
HONDA,FIT GP5 F GRADE,1,8700000.0,8700000.0,8700000.0,0.0,2015,2015,0.0,0.0,0.0
HONDA,FIT GP5 G GRADE,1,8975000.0,8975000.0,8975000.0,0.0,2015,2015,0.0,0.0,0.0
HONDA,FIT GP5 L,1,7790000.0,7790000.0,7790000.0,0.0,2013,2013,0.0,0.0,0.0
HONDA,FIT GP5 L GRADE SAFETY EDITION,1,7850000.0,7850000.0,7850000.0,0.0,2014,2014,0.0,0.0,0.0
HONDA,FIT GP5 L SENSING,1,10800000.0,10800000.0,10800000.0,0.0,2017,2017,0.0,0.0,0.0
HONDA,FIT GP5 S GRADE SAFETYPACK,1,9350000.0,9350000.0,9350000.0,0.0,2015,2015,0.0,0.0,0.0
HONDA,FIT GP5 S GREAT SAFETY,1,9250000.0,9250000.0,9250000.0,0.0,2015,2015,0.0,0.0,0.0
HONDA,FIT GP5 SENSING,1,12000000.0,12000000.0,12000000.0,0.0,2018,2018,0.0,0.0,0.0
HONDA,FIT GP5S GRADE,1,8039000.0,8039000.0,8039000.0,0.0,2014,2014,0.0,0.0,0.0
HONDA,FIT GPS,1,7775000.0,7775000.0,7775000.0,0.0,2013,2013,0.0,0.0,0.0
HONDA,FIT S GRADE,1,10499000.0,10499000.0,10499000.0,0.0,2016,2016,0.0,0.0,0.0
HONDA,GRACE EX SAFETY,1,9875000.0,9875000.0,9875000.0,0.0,2015,2015,0.0,0.0,0.0
HONDA,GRACE LX,1,11200000.0,11200000.0,11200000.0,0.0,2016,2016,0.0,0.0,0.0
HONDA,GRACE RS,1,13800000.0,13800000.0,13800000.0,0.0,2018,2018,0.0,0.0,0.0
HONDA,GRAND CIVIC EF2,1,1675000.0,1675000.0,1675000.0,0.0,1991,1991,0.0,0.0,0.0
HONDA,INSIGHT ZE 2,1,6990000.0,6990000.0,6990000.0,0.0,2011,2011,0.0,0.0,0.0
HONDA,INSIGHT ZE 3,1,875000.0,875000.0,875000.0,0.0,2011,2011,0.0,0.0,0.0
HONDA,JADE,1,12500000.0,12500000.0,12500000.0,0.0,2015,2015,0.0,0.0,0.0
HONDA,JADE PREMIUM,1,14250000.0,14250000.0,14250000.0,0.0,2015,2015,0.0,0.0,0.0
HONDA,LOGO,1,2650000.0,2650000.0,2650000.0,0.0,1999,1999,0.0,0.0,0.0
HONDA,N-BOX,1,2100000.0,2100000.0,2100000.0,0.0,2016,2016,0.0,0.0,0.0
HONDA,NBOX,1,6900000.0,6900000.0,6900000.0,0.0,2015,2015,0.0,0.0,0.0
HONDA,S660 ALPHA,1,6300000.0,6300000.0,6300000.0,0.0,2016,2016,0.0,0.0,0.0
HONDA,SHUTTLE GB7,1,12400000.0,12400000.0,12400000.0,0.0,2015,2015,0.0,0.0,0.0
HONDA,SHUTTLE GP7,1,11200000.0,11200000.0,11200000.0,0.0,2015,2015,0.0,0.0,0.0
HONDA,SPIKE GP2,1,8250000.0,8250000.0,8250000.0,0.0,2012,2012,0.0,0.0,0.0
HONDA,STARLET 90 LIMITED,1,3025000.0,3025000.0,3025000.0,0.0,1996,1996,0.0,0.0,0.0
HONDA,VTEC 4A,1,3500000.0,3500000.0,3500000.0,0.0,2001,2001,0.0,0.0,0.0
HYUNDAI,ACCENT GEAR,1,2300000.0,2300000.0,2300000.0,0.0,2000,2000,0.0,0.0,0.0
HYUNDAI,ACCENT GLM,1,2200000.0,2200000.0,2200000.0,0.0,2000,2000,0.0,0.0,0.0
HYUNDAI,ACCENT JAPAN,1,2875000.0,2875000.0,2875000.0,0.0,2007,2007,0.0,0.0,0.0
HYUNDAI,COUPE,1,3550000.0,3550000.0,3550000.0,0.0,2000,2000,0.0,0.0,0.0
HYUNDAI,ELANTRA GLS,1,1800000.0,1800000.0,1800000.0,0.0,2001,2001,0.0,0.0,0.0
HYUNDAI,ELANTRA XD,1,1950000.0,1950000.0,1950000.0,0.0,2004,2004,0.0,0.0,0.0
HYUNDAI,HMATIC,1,2600000.0,2600000.0,2600000.0,0.0,2002,2002,0.0,0.0,0.0
HYUNDAI,MATRIX GL,1,2100000.0,2100000.0,2100000.0,0.0,2001,2001,0.0,0.0,0.0
HYUNDAI,MATRIX GLS,1,2350000.0,2350000.0,2350000.0,0.0,2001,2001,0.0,0.0,0.0
HYUNDAI,SANTRO XP,1,2350000.0,2350000.0,2350000.0,0.0,2005,2005,0.0,0.0,0.0
HYUNDAI,SONATA GL5,1,1050000.0,1050000.0,1050000.0,0.0,1990,1990,0.0,0.0,0.0
HYUNDAI,SONATA GLS,1,1950000.0,1950000.0,1950000.0,0.0,2000,2000,0.0,0.0,0.0
HYUNDAI,SONATA H-MATIC,1,2825000.0,2825000.0,2825000.0,0.0,2001,2001,0.0,0.0,0.0
HYUNDAI,SONATA XG30 SPECIAL LIMITED,1,2895000.0,2895000.0,2895000.0,0.0,2004,2004,0.0,0.0,0.0
HYUNDAI,ZIP PLUS,1,2100000.0,2100000.0,2100000.0,0.0,2003,2003,0.0,0.0,0.0
ISUZU,ASKA,1,1050000.0,1050000.0,1050000.0,0.0,1984,1984,0.0,0.0,0.0
ISUZU,JT 641,1,1400000.0,1400000.0,1400000.0,0.0,1992,1992,0.0,0.0,0.0
ISUZU,JT600 GEMINI,1,1050000.0,1050000.0,1050000.0,0.0,1989,1989,0.0,0.0,0.0
JAC,T9 4X4,1,16992000.0,16992000.0,16992000.0,0.0,2024,2024,0.0,0.0,0.0
JAGUAR,S TYPE,1,7800000.0,7800000.0,7800000.0,0.0,2004,2004,0.0,0.0,0.0
JEEP,AMERICAN WILLYS,1,3950000.0,3950000.0,3950000.0,0.0,1962,1962,0.0,0.0,0.0
JONWAY,A380,1,4600000.0,4600000.0,4600000.0,0.0,2012,2012,0.0,0.0,0.0
KIA,KIA,1,1950000.0,1950000.0,1950000.0,0.0,2005,2005,0.0,0.0,0.0
KIA,MENTOR SPECTRA,1,1875000.0,1875000.0,1875000.0,0.0,2001,2001,0.0,0.0,0.0
KIA,PICANTO SPORT,1,5900000.0,5900000.0,5900000.0,0.0,2016,2016,0.0,0.0,0.0
KIA,RIO LS,1,2175000.0,2175000.0,2175000.0,0.0,2001,2001,0.0,0.0,0.0
KIA,RIO LX,1,875000.0,875000.0,875000.0,0.0,2004,2004,0.0,0.0,0.0
KIA,SHEPHIA,1,2300000.0,2300000.0,2300000.0,0.0,2002,2002,0.0,0.0,0.0
KIA,SPARTA,1,2200000.0,2200000.0,2200000.0,0.0,2004,2004,0.0,0.0,0.0
KIA,SPECTRA 16M,1,2325000.0,2325000.0,2325000.0,0.0,2002,2002,0.0,0.0,0.0
KIA,SPECTRA GLS,1,1350000.0,1350000.0,1350000.0,0.0,2001,2001,0.0,0.0,0.0
LAND-ROVER,DEFENDER 110,1,21000000.0,21000000.0,21000000.0,0.0,2006,2006,0.0,0.0,0.0
LEXUS,CT200H,1,9800000.0,9800000.0,9800000.0,0.0,2012,2012,0.0,0.0,0.0
LEXUS,HS250,1,12790000.0,12790000.0,12790000.0,0.0,2013,2013,0.0,0.0,0.0
LEXUS,NX 300H,1,34000000.0,34000000.0,34000000.0,0.0,2015,2015,0.0,0.0,0.0
MAHINDRA,KV100,1,5895000.0,5895000.0,5895000.0,0.0,2022,2022,0.0,0.0,0.0
MAHINDRA,MAHINDRA,1,5895000.0,5895000.0,5895000.0,0.0,2022,2022,0.0,0.0,0.0
MAZDA,2 SKYACTIVE,1,8875000.0,8875000.0,8875000.0,0.0,2016,2016,0.0,0.0,0.0
MAZDA,BF,1,1145000.0,1145000.0,1145000.0,0.0,1988,1988,0.0,0.0,0.0
MAZDA,BF3 FAMILIA HATCHBACK,1,985000.0,985000.0,985000.0,0.0,1987,1987,0.0,0.0,0.0
MAZDA,BF3P,1,1100000.0,1100000.0,1100000.0,0.0,1991,1991,0.0,0.0,0.0
MAZDA,BH3,1,1875000.0,1875000.0,1875000.0,0.0,1990,1990,0.0,0.0,0.0
MAZDA,BJ3P JAPAN,1,2995000.0,2995000.0,2995000.0,0.0,2000,2000,0.0,0.0,0.0
MAZDA,BUTTERFLY,1,2445000.0,2445000.0,2445000.0,0.0,1997,1997,0.0,0.0,0.0
MAZDA,CIVIC TECH PACK ESEAT,1,13800000.0,13800000.0,13800000.0,0.0,2018,2018,0.0,0.0,0.0
MAZDA,DEMIO DW5W GE-,1,2575000.0,2575000.0,2575000.0,0.0,1997,1997,0.0,0.0,0.0
MAZDA,DEMIO JAPAN,1,4950000.0,4950000.0,4950000.0,0.0,2009,2009,0.0,0.0,0.0
MAZDA,EUNOS 100 ASTINA,1,2480000.0,2480000.0,2480000.0,0.0,1992,1992,0.0,0.0,0.0
MAZDA,FAMILIA 323 BF,1,1450000.0,1450000.0,1450000.0,0.0,1988,1988,0.0,0.0,0.0
MAZDA,FAMILIA 323 BJ5W,1,3450000.0,3450000.0,3450000.0,0.0,2002,2002,0.0,0.0,0.0
MAZDA,FAMILIA BF,1,750000.0,750000.0,750000.0,0.0,1986,1986,0.0,0.0,0.0
MAZDA,FAMILIA BG3P,1,1350000.0,1350000.0,1350000.0,0.0,1991,1991,0.0,0.0,0.0
MAZDA,FAMILIA BG5P,1,1590000.0,1590000.0,1590000.0,0.0,1990,1990,0.0,0.0,0.0
MAZDA,FAMILIA DX,1,1375000.0,1375000.0,1375000.0,0.0,1992,1992,0.0,0.0,0.0
MAZDA,FAMILIA SEDAN,1,1600000.0,1600000.0,1600000.0,0.0,1993,1993,0.0,0.0,0.0
MAZDA,FAMILLA BF3,1,1300000.0,1300000.0,1300000.0,0.0,1989,1989,0.0,0.0,0.0
MAZDA,MR 90 JAPAN,1,1175000.0,1175000.0,1175000.0,0.0,1994,1994,0.0,0.0,0.0
MAZDA,RX-8 SERIES 2,1,7000000.0,7000000.0,7000000.0,0.0,2008,2008,0.0,0.0,0.0
MAZDA,TRIBUTE,1,3600000.0,3600000.0,3600000.0,0.0,2001,2001,0.0,0.0,0.0
MAZDA,WAGON R,1,5700000.0,5700000.0,5700000.0,0.0,2015,2015,0.0,0.0,0.0
MAZDA,WAGON R FLAIR,1,5750000.0,5750000.0,5750000.0,0.0,2018,2018,0.0,0.0,0.0
MERCEDES-BENZ,-123,1,1450000.0,1450000.0,1450000.0,0.0,1987,1987,0.0,0.0,0.0
MERCEDES-BENZ,-CLA 180 AMG,1,22050000.0,22050000.0,22050000.0,0.0,2017,2017,0.0,0.0,0.0
MERCEDES-BENZ,123,1,4000000.0,4000000.0,4000000.0,0.0,1984,1984,0.0,0.0,0.0
MERCEDES-BENZ,190 D,1,2700000.0,2700000.0,2700000.0,0.0,1985,1985,0.0,0.0,0.0
MERCEDES-BENZ,200D,1,1950000.0,1950000.0,1950000.0,0.0,1978,1978,0.0,0.0,0.0
MERCEDES-BENZ,250,1,3795000.0,3795000.0,3795000.0,0.0,1988,1988,0.0,0.0,0.0
MERCEDES-BENZ,280S,1,4500000.0,4500000.0,4500000.0,0.0,1984,1984,0.0,0.0,0.0
MERCEDES-BENZ,C CLASS C180 PREMIUM,1,23900000.0,23900000.0,23900000.0,0.0,2016,2016,0.0,0.0,0.0
MERCEDES-BENZ,C180 AMG LINE,1,24990000.0,24990000.0,24990000.0,0.0,2017,2017,0.0,0.0,0.0
MERCEDES-BENZ,C180 BLUEEFFICIENCY,1,13800000.0,13800000.0,13800000.0,0.0,2011,2011,0.0,0.0,0.0
MERCEDES-BENZ,C180 COMPASSURE,1,11800000.0,11800000.0,11800000.0,0.0,2011,2011,0.0,0.0,0.0
MERCEDES-BENZ,C180 LIMOUSINE,1,25500000.0,25500000.0,25500000.0,0.0,2016,2016,0.0,0.0,0.0
MERCEDES-BENZ,C180 M271 REG,1,9850000.0,9850000.0,9850000.0,0.0,2009,2009,0.0,0.0,0.0
MERCEDES-BENZ,C180 W203,1,7460000.0,7460000.0,7460000.0,0.0,2002,2002,0.0,0.0,0.0
MERCEDES-BENZ,C180AMG,1,13250000.0,13250000.0,13250000.0,0.0,2010,2010,0.0,0.0,0.0
MERCEDES-BENZ,C200 AMG CABRIOLET,1,33500000.0,33500000.0,33500000.0,0.0,2016,2016,0.0,0.0,0.0
MERCEDES-BENZ,C200 AMG PREMIUM,1,29800000.0,29800000.0,29800000.0,0.0,2018,2018,0.0,0.0,0.0
MERCEDES-BENZ,C200 AVANTGARDE,1,9800000.0,9800000.0,9800000.0,0.0,2007,2007,0.0,0.0,0.0
MERCEDES-BENZ,C200 COUPE SPORT,1,8750000.0,8750000.0,8750000.0,0.0,2001,2001,0.0,0.0,0.0
MERCEDES-BENZ,C200 W 203,1,6800000.0,6800000.0,6800000.0,0.0,2002,2002,0.0,0.0,0.0
MERCEDES-BENZ,C220 CDI W204,1,13800000.0,13800000.0,13800000.0,0.0,2013,2013,0.0,0.0,0.0
MERCEDES-BENZ,C220 ELEGANCE,1,4300000.0,4300000.0,4300000.0,0.0,1994,1994,0.0,0.0,0.0
MERCEDES-BENZ,C220D,1,14900000.0,14900000.0,14900000.0,0.0,2012,2012,0.0,0.0,0.0
MERCEDES-BENZ,C300,1,22500000.0,22500000.0,22500000.0,0.0,2014,2014,0.0,0.0,0.0
MERCEDES-BENZ,C350,1,23000000.0,23000000.0,23000000.0,0.0,2016,2016,0.0,0.0,0.0
MERCEDES-BENZ,C350E,1,25000000.0,25000000.0,25000000.0,0.0,2016,2016,0.0,0.0,0.0
MERCEDES-BENZ,C350E PREMIUM SPORT PLUS,1,22500000.0,22500000.0,22500000.0,0.0,2016,2016,0.0,0.0,0.0
MERCEDES-BENZ,CLA 180 AMG,1,22000000.0,22000000.0,22000000.0,0.0,2017,2017,0.0,0.0,0.0
MERCEDES-BENZ,CLA 180 AMG PREMIUM,1,26900000.0,26900000.0,26900000.0,0.0,2019,2019,0.0,0.0,0.0
MERCEDES-BENZ,CLA 200,1,31500000.0,31500000.0,31500000.0,0.0,2019,2019,0.0,0.0,0.0
MERCEDES-BENZ,CLA 200 AMG,1,18950000.0,18950000.0,18950000.0,0.0,2015,2015,0.0,0.0,0.0
MERCEDES-BENZ,CLA 200 AMG EDITION,1,18950000.0,18950000.0,18950000.0,0.0,2014,2014,0.0,0.0,0.0
MERCEDES-BENZ,CLA 200 AMG PREMIUM,1,17900000.0,17900000.0,17900000.0,0.0,2014,2014,0.0,0.0,0.0
MERCEDES-BENZ,E200 AVANTGARDE,1,15100000.0,15100000.0,15100000.0,0.0,2010,2010,0.0,0.0,0.0
MERCEDES-BENZ,E200 KOMPRESSOR,1,7200000.0,7200000.0,7200000.0,0.0,2002,2002,0.0,0.0,0.0
MERCEDES-BENZ,E200 PREMIUM,1,25500000.0,25500000.0,25500000.0,0.0,2015,2015,0.0,0.0,0.0
MERCEDES-BENZ,E200 W 212,1,16000000.0,16000000.0,16000000.0,0.0,2010,2010,0.0,0.0,0.0
MERCEDES-BENZ,E200 W210,1,4200000.0,4200000.0,4200000.0,0.0,1997,1997,0.0,0.0,0.0
MERCEDES-BENZ,E200 W212,1,16000000.0,16000000.0,16000000.0,0.0,2010,2010,0.0,0.0,0.0
MERCEDES-BENZ,E230,1,12500000.0,12500000.0,12500000.0,0.0,2008,2008,0.0,0.0,0.0
MERCEDES-BENZ,E240,1,8650000.0,8650000.0,8650000.0,0.0,2003,2003,0.0,0.0,0.0
MERCEDES-BENZ,E240 AMG,1,12000000.0,12000000.0,12000000.0,0.0,2004,2004,0.0,0.0,0.0
MERCEDES-BENZ,E240 ELEGANCE,1,9850000.0,9850000.0,9850000.0,0.0,2003,2003,0.0,0.0,0.0
MERCEDES-BENZ,E250,1,6700000.0,6700000.0,6700000.0,0.0,1998,1998,0.0,0.0,0.0
MERCEDES-BENZ,E300 AMG,1,20750000.0,20750000.0,20750000.0,0.0,2014,2014,0.0,0.0,0.0
MERCEDES-BENZ,E300 BLUETEC AMG,1,21950000.0,21950000.0,21950000.0,0.0,2013,2013,0.0,0.0,0.0
MERCEDES-BENZ,E300 BLUETECH-HYBRID,1,21500000.0,21500000.0,21500000.0,0.0,2015,2015,0.0,0.0,0.0
MERCEDES-BENZ,E300 BLUTEC,1,20950000.0,20950000.0,20950000.0,0.0,2015,2015,0.0,0.0,0.0
MERCEDES-BENZ,E350 AMG PREMIUM PLUS,1,36000000.0,36000000.0,36000000.0,0.0,2017,2017,0.0,0.0,0.0
MERCEDES-BENZ,ELEGANCE,1,11800000.0,11800000.0,11800000.0,0.0,2010,2010,0.0,0.0,0.0
MERCEDES-BENZ,S320,1,1400000.0,1400000.0,1400000.0,0.0,2001,2001,0.0,0.0,0.0
MERCEDES-BENZ,S320 LWB,1,12500000.0,12500000.0,12500000.0,0.0,2004,2004,0.0,0.0,0.0
MERCEDES-BENZ,S350 W220,1,8450000.0,8450000.0,8450000.0,0.0,2004,2004,0.0,0.0,0.0
MERCEDES-BENZ,S400 LONG WHEEL BASE,1,55000000.0,55000000.0,55000000.0,0.0,2015,2015,0.0,0.0,0.0
MERCEDES-BENZ,SEL300,1,3700000.0,3700000.0,3700000.0,0.0,1988,1988,0.0,0.0,0.0
MERCEDES-BENZ,SLK 200,1,19900000.0,19900000.0,19900000.0,0.0,2015,2015,0.0,0.0,0.0
MERCEDES-BENZ,SLK200,1,23000000.0,23000000.0,23000000.0,0.0,2013,2013,0.0,0.0,0.0
MERCEDES-BENZ,W 124 AMG,1,3760000.0,3760000.0,3760000.0,0.0,1989,1989,0.0,0.0,0.0
MERCEDES-BENZ,W 126,1,4300000.0,4300000.0,4300000.0,0.0,1989,1989,0.0,0.0,0.0
MERCEDES-BENZ,W 126 S CLASS 280 S,1,3500000.0,3500000.0,3500000.0,0.0,1989,1989,0.0,0.0,0.0
MERCEDES-BENZ,W123,1,3500000.0,3500000.0,3500000.0,0.0,1982,1982,0.0,0.0,0.0
MERCEDES-BENZ,W202,1,5450000.0,5450000.0,5450000.0,0.0,1997,1997,0.0,0.0,0.0
MERCEDES-BENZ,W202 C180 ELEGANCE,1,5850000.0,5850000.0,5850000.0,0.0,1996,1996,0.0,0.0,0.0
MERCEDES-BENZ,W202 C200 AMG SPORT,1,5200000.0,5200000.0,5200000.0,0.0,1994,1994,0.0,0.0,0.0
MERCEDES-BENZ,W202 C220,1,4750000.0,4750000.0,4750000.0,0.0,1995,1995,0.0,0.0,0.0
MERCEDES-BENZ,W203,1,7700000.0,7700000.0,7700000.0,0.0,2001,2001,0.0,0.0,0.0
MERCEDES-BENZ,W203 C180 ELEGANCE,1,5500000.0,5500000.0,5500000.0,0.0,2002,2002,0.0,0.0,0.0
MERCEDES-BENZ,W203 C220 CDI,1,2800000.0,2800000.0,2800000.0,0.0,2001,2001,0.0,0.0,0.0
MERCEDES-BENZ,W205,1,23500000.0,23500000.0,23500000.0,0.0,2015,2015,0.0,0.0,0.0
MERCEDES-BENZ,W210 E 320,1,2600000.0,2600000.0,2600000.0,0.0,1998,1998,0.0,0.0,0.0
MERCEDES-BENZ,W210 E240,1,5975000.0,5975000.0,5975000.0,0.0,1999,1999,0.0,0.0,0.0
MERCEDES-BENZ,W211,1,8750000.0,8750000.0,8750000.0,0.0,2004,2004,0.0,0.0,0.0
MERCEDES-BENZ,WDB201,1,2850000.0,2850000.0,2850000.0,0.0,1985,1985,0.0,0.0,0.0
MG,4 TROPHY,1,18500000.0,18500000.0,18500000.0,0.0,2023,2023,0.0,0.0,0.0
MG,6,1,7800000.0,7800000.0,7800000.0,0.0,2014,2014,0.0,0.0,0.0
MG,MG6,1,6350000.0,6350000.0,6350000.0,0.0,2014,2014,0.0,0.0,0.0
MICRO,AMBASSADOR,1,1550000.0,1550000.0,1550000.0,0.0,2003,2003,0.0,0.0,0.0
MICRO,BAIC D20 SEDAN,1,5450000.0,5450000.0,5450000.0,0.0,2018,2018,0.0,0.0,0.0
MICRO,EMGRAND EC7,1,5200000.0,5200000.0,5200000.0,0.0,2015,2015,0.0,0.0,0.0
MICRO,GEELY,1,2440000.0,2440000.0,2440000.0,0.0,2009,2009,0.0,0.0,0.0
MICRO,MARK 2,1,3280000.0,3280000.0,3280000.0,0.0,2014,2014,0.0,0.0,0.0
MICRO,MICRO,1,2575000.0,2575000.0,2575000.0,0.0,2012,2012,0.0,0.0,0.0
MICRO,PANDA CROSS KT,1,2550000.0,2550000.0,2550000.0,0.0,2012,2012,0.0,0.0,0.0
MICRO,PANDA L,1,2770000.0,2770000.0,2770000.0,0.0,2016,2016,0.0,0.0,0.0
MICRO,PANDA L C1.0,1,2575000.0,2575000.0,2575000.0,0.0,2014,2014,0.0,0.0,0.0
MICRO,PANDA LG,1,2600000.0,2600000.0,2600000.0,0.0,2016,2016,0.0,0.0,0.0
MICRO,PANDA SPORTS,1,3375000.0,3375000.0,3375000.0,0.0,2018,2018,0.0,0.0,0.0
MICRO,PRIVILEGE,1,1025000.0,1025000.0,1025000.0,0.0,2004,2004,0.0,0.0,0.0
MICRO,VOLEEX C10,1,4975000.0,4975000.0,4975000.0,0.0,2013,2013,0.0,0.0,0.0
MINI,COOPER S TURBO,1,9800000.0,9800000.0,9800000.0,0.0,2007,2007,0.0,0.0,0.0
MINI,COOPER SPORT TWIN TURBO,1,15900000.0,15900000.0,15900000.0,0.0,2019,2019,0.0,0.0,0.0
MINI,MINER,1,2050000.0,2050000.0,2050000.0,0.0,1968,1968,0.0,0.0,0.0
MINI,MORISS,1,1875000.0,1875000.0,1875000.0,0.0,1965,1965,0.0,0.0,0.0
MINI,MORRIS COOPER,1,4000000.0,4000000.0,4000000.0,0.0,1969,1969,0.0,0.0,0.0
MITSUBISHI,4DR5 J24,1,3850000.0,3850000.0,3850000.0,0.0,1980,1980,0.0,0.0,0.0
MITSUBISHI,ATTRAGE,1,7590000.0,7590000.0,7590000.0,0.0,2016,2016,0.0,0.0,0.0
MITSUBISHI,C12 HATCHBACK,1,870000.0,870000.0,870000.0,0.0,1985,1985,0.0,0.0,0.0
MITSUBISHI,C12V,1,600000.0,600000.0,600000.0,0.0,1985,1985,0.0,0.0,0.0
MITSUBISHI,CB2,1,2700000.0,2700000.0,2700000.0,0.0,1994,1994,0.0,0.0,0.0
MITSUBISHI,CB8,1,2585000.0,2585000.0,2585000.0,0.0,1992,1992,0.0,0.0,0.0
MITSUBISHI,CK2,1,2990000.0,2990000.0,2990000.0,0.0,1996,1996,0.0,0.0,0.0
MITSUBISHI,CK2A,1,3800000.0,3800000.0,3800000.0,0.0,1999,1999,0.0,0.0,0.0
MITSUBISHI,EK WAGON B11W,1,6200000.0,6200000.0,6200000.0,0.0,2018,2018,0.0,0.0,0.0
MITSUBISHI,EK WAGON CUSTOM DAYZ,1,6150000.0,6150000.0,6150000.0,0.0,2015,2015,0.0,0.0,0.0
MITSUBISHI,EVOLUTION 4,1,5950000.0,5950000.0,5950000.0,0.0,2000,2000,0.0,0.0,0.0
MITSUBISHI,GALANT E32,1,1680000.0,1680000.0,1680000.0,0.0,1988,1988,0.0,0.0,0.0
MITSUBISHI,GALANT SIGMA 2C,1,620000.0,620000.0,620000.0,0.0,1984,1984,0.0,0.0,0.0
MITSUBISHI,GALANT V6,1,2275000.0,2275000.0,2275000.0,0.0,1994,1994,0.0,0.0,0.0
MITSUBISHI,GALANT VRG ASPIRE,1,3675000.0,3675000.0,3675000.0,0.0,2003,2003,0.0,0.0,0.0
MITSUBISHI,GF-H42A,1,3500000.0,3500000.0,3500000.0,0.0,2001,2001,0.0,0.0,0.0
MITSUBISHI,GLX,1,4700000.0,4700000.0,4700000.0,0.0,2007,2007,0.0,0.0,0.0
MITSUBISHI,KH4WGRPZR,1,15000000.0,15000000.0,15000000.0,0.0,2011,2011,0.0,0.0,0.0
MITSUBISHI,LANCER ASP MODEL,1,1775000.0,1775000.0,1775000.0,0.0,1991,1991,0.0,0.0,0.0
MITSUBISHI,LANCER BOX 1.6,1,850000.0,850000.0,850000.0,0.0,1982,1982,0.0,0.0,0.0
MITSUBISHI,LANCER BOX 5FWD,1,890000.0,890000.0,890000.0,0.0,1982,1982,0.0,0.0,0.0
MITSUBISHI,LANCER BOX SL,1,990000.0,990000.0,990000.0,0.0,1984,1984,0.0,0.0,0.0
MITSUBISHI,LANCER C12 CLX,1,1075000.0,1075000.0,1075000.0,0.0,1987,1987,0.0,0.0,0.0
MITSUBISHI,LANCER C12A,1,690000.0,690000.0,690000.0,0.0,1986,1986,0.0,0.0,0.0
MITSUBISHI,LANCER CB2,1,2675000.0,2675000.0,2675000.0,0.0,1992,1992,0.0,0.0,0.0
MITSUBISHI,LANCER CB3,1,2650000.0,2650000.0,2650000.0,0.0,1995,1995,0.0,0.0,0.0
MITSUBISHI,LANCER CK2 MX,1,3975000.0,3975000.0,3975000.0,0.0,2001,2001,0.0,0.0,0.0
MITSUBISHI,LANCER CK2 MX EFI,1,4000000.0,4000000.0,4000000.0,0.0,1998,1998,0.0,0.0,0.0
MITSUBISHI,LANCER CS2 JDM,1,6290000.0,6290000.0,6290000.0,0.0,2008,2008,0.0,0.0,0.0
MITSUBISHI,LANCER EVOLUTION,1,8995000.0,8995000.0,8995000.0,0.0,2001,2001,0.0,0.0,0.0
MITSUBISHI,LANCER EVOLUTION 6,1,8500000.0,8500000.0,8500000.0,0.0,2000,2000,0.0,0.0,0.0
MITSUBISHI,LANCER EX EVO X,1,8675000.0,8675000.0,8675000.0,0.0,2008,2008,0.0,0.0,0.0
MITSUBISHI,LANCER EX GLS,1,8675000.0,8675000.0,8675000.0,0.0,2007,2007,0.0,0.0,0.0
MITSUBISHI,LANCER EX GLS EVO X BODYKIT,1,8850000.0,8850000.0,8850000.0,0.0,2007,2007,0.0,0.0,0.0
MITSUBISHI,LANCER FIORE,1,775000.0,775000.0,775000.0,0.0,1986,1986,0.0,0.0,0.0
MITSUBISHI,LANCER FLAT,1,850000.0,850000.0,850000.0,0.0,1978,1978,0.0,0.0,0.0
MITSUBISHI,LANCER FLAT LIGHT WAGON EL,1,510000.0,510000.0,510000.0,0.0,1982,1982,0.0,0.0,0.0
MITSUBISHI,LANCER FURY,1,585000.0,585000.0,585000.0,0.0,1986,1986,0.0,0.0,0.0
MITSUBISHI,LANCER STATION WAGON,1,790000.0,790000.0,790000.0,0.0,1985,1985,0.0,0.0,0.0
MITSUBISHI,LANCER WAGON C11V,1,800000.0,800000.0,800000.0,0.0,1986,1986,0.0,0.0,0.0
MITSUBISHI,LANCER WAGON C12,1,780000.0,780000.0,780000.0,0.0,1985,1985,0.0,0.0,0.0
MITSUBISHI,LAUNCHER CK1,1,3250000.0,3250000.0,3250000.0,0.0,1999,1999,0.0,0.0,0.0
MITSUBISHI,LIBERO,1,2390000.0,2390000.0,2390000.0,0.0,1996,1996,0.0,0.0,0.0
MITSUBISHI,RVR SUPER WAGON,1,4150000.0,4150000.0,4150000.0,0.0,1999,1999,0.0,0.0,0.0
MITSUBISHI,STRADA K74,1,6750000.0,6750000.0,6750000.0,0.0,1997,1997,0.0,0.0,0.0
MITSUBISHI,WAGON,1,3175000.0,3175000.0,3175000.0,0.0,1998,1998,0.0,0.0,0.0
MORRIS,MINI,1,2600000.0,2600000.0,2600000.0,0.0,1969,1969,0.0,0.0,0.0
MORRIS,MINI COOPER,1,3850000.0,3850000.0,3850000.0,0.0,1998,1998,0.0,0.0,0.0
MORRIS,MINOR,1,2400000.0,2400000.0,2400000.0,0.0,1959,1959,0.0,0.0,0.0
NISSAN,A33 CEFIRO EXCIMO JAPAN,1,3375000.0,3375000.0,3375000.0,0.0,2004,2004,0.0,0.0,0.0
NISSAN,AD,1,445000.0,445000.0,445000.0,0.0,1984,1984,0.0,0.0,0.0
NISSAN,AD WAGON VFY11,1,3000000.0,3000000.0,3000000.0,0.0,2000,2000,0.0,0.0,0.0
NISSAN,AD WAGON VY10,1,1750000.0,1750000.0,1750000.0,0.0,1994,1994,0.0,0.0,0.0
NISSAN,AD WAGON VY11,1,3500000.0,3500000.0,3500000.0,0.0,2003,2003,0.0,0.0,0.0
NISSAN,AK11 SPECIAL EDITION,1,3090000.0,3090000.0,3090000.0,0.0,2000,2000,0.0,0.0,0.0
NISSAN,AVENIER,1,1750000.0,1750000.0,1750000.0,0.0,1997,1997,0.0,0.0,0.0
NISSAN,B 14,1,2800000.0,2800000.0,2800000.0,0.0,1998,1998,0.0,0.0,0.0
NISSAN,B-13 DOCTOR SUNNY,1,2700000.0,2700000.0,2700000.0,0.0,1993,1993,0.0,0.0,0.0
NISSAN,B11 CALIFORNIA,1,400000.0,400000.0,400000.0,0.0,1986,1986,0.0,0.0,0.0
NISSAN,B11 LONGOING BUFFER,1,885000.0,885000.0,885000.0,0.0,1980,1980,0.0,0.0,0.0
NISSAN,B12 SUNNY,1,1065000.0,1065000.0,1065000.0,0.0,1987,1987,0.0,0.0,0.0
NISSAN,B12 SUPER SALOON TRAD SUNNY,1,1425000.0,1425000.0,1425000.0,0.0,1989,1989,0.0,0.0,0.0
NISSAN,B13 DOCTOR SUNNY,1,1625000.0,1625000.0,1625000.0,0.0,1990,1990,0.0,0.0,0.0
NISSAN,B13 SUNNY,1,1875000.0,1875000.0,1875000.0,0.0,1990,1990,0.0,0.0,0.0
NISSAN,B14 EX SALOON,1,2350000.0,2350000.0,2350000.0,0.0,1996,1996,0.0,0.0,0.0
NISSAN,B14 LUCINO,1,2350000.0,2350000.0,2350000.0,0.0,1994,1994,0.0,0.0,0.0
NISSAN,B14 SUNNY,1,2450000.0,2450000.0,2450000.0,0.0,1998,1998,0.0,0.0,0.0
NISSAN,B211,1,425000.0,425000.0,425000.0,0.0,1981,1981,0.0,0.0,0.0
NISSAN,B31,1,400000.0,400000.0,400000.0,0.0,1984,1984,0.0,0.0,0.0
NISSAN,B311,1,550000.0,550000.0,550000.0,0.0,1982,1982,0.0,0.0,0.0
NISSAN,BEATLE AK12,1,450000.0,450000.0,450000.0,0.0,2003,2003,0.0,0.0,0.0
NISSAN,BLUEBIRD E,1,2475000.0,2475000.0,2475000.0,0.0,2000,2000,0.0,0.0,0.0
NISSAN,BLUEBIRD EU11,1,1500000.0,1500000.0,1500000.0,0.0,1988,1988,0.0,0.0,0.0
NISSAN,BLUEBIRD EU12,1,1500000.0,1500000.0,1500000.0,0.0,1991,1991,0.0,0.0,0.0
NISSAN,BLUEBIRD EU13,1,2200000.0,2200000.0,2200000.0,0.0,1995,1995,0.0,0.0,0.0
NISSAN,BLUEBIRD G11,1,6200000.0,6200000.0,6200000.0,0.0,2007,2007,0.0,0.0,0.0
NISSAN,BLUEBIRD QU14,1,2975000.0,2975000.0,2975000.0,0.0,2000,2000,0.0,0.0,0.0
NISSAN,BLUEBIRD RU11,1,580000.0,580000.0,580000.0,0.0,1985,1985,0.0,0.0,0.0
NISSAN,BLUEBIRD SSS,1,2690000.0,2690000.0,2690000.0,0.0,1996,1996,0.0,0.0,0.0
NISSAN,BLUEBIRD SSS FB14,1,2690000.0,2690000.0,2690000.0,0.0,1999,1999,0.0,0.0,0.0
NISSAN,BLUEBIRD SU13,1,1650000.0,1650000.0,1650000.0,0.0,1992,1992,0.0,0.0,0.0
NISSAN,BLUEBIRD SYLPHY FG10,1,5300000.0,5300000.0,5300000.0,0.0,2004,2004,0.0,0.0,0.0
NISSAN,BLUEBIRD SYLPHY IMPORT,1,6450000.0,6450000.0,6450000.0,0.0,2010,2010,0.0,0.0,0.0
NISSAN,BLUEBIRD SYLPHY N17,1,5800000.0,5800000.0,5800000.0,0.0,2004,2004,0.0,0.0,0.0
NISSAN,BLUEBIRD U12,1,1025000.0,1025000.0,1025000.0,0.0,1990,1990,0.0,0.0,0.0
NISSAN,BLUEBIRD YU120,1,1250000.0,1250000.0,1250000.0,0.0,1992,1992,0.0,0.0,0.0
NISSAN,CARAVAN,1,1475000.0,1475000.0,1475000.0,0.0,1993,1993,0.0,0.0,0.0
NISSAN,CEDRIC GLORIA Y 34,1,5400000.0,5400000.0,5400000.0,0.0,1999,1999,0.0,0.0,0.0
NISSAN,CEDRIC GLORIA Y34,1,5050000.0,5050000.0,5050000.0,0.0,1999,1999,0.0,0.0,0.0
NISSAN,CEDRIC Y33,1,4800000.0,4800000.0,4800000.0,0.0,1996,1996,0.0,0.0,0.0
NISSAN,CEFIRO 230JM,1,6300000.0,6300000.0,6300000.0,0.0,2005,2005,0.0,0.0,0.0
NISSAN,CEFIRO 230JM J31,1,4985000.0,4985000.0,4985000.0,0.0,2004,2004,0.0,0.0,0.0
NISSAN,CEFIRO A32,1,2180000.0,2180000.0,2180000.0,0.0,1996,1996,0.0,0.0,0.0
NISSAN,CEFIRO A33,1,3300000.0,3300000.0,3300000.0,0.0,2000,2000,0.0,0.0,0.0
NISSAN,CEFIRO A33 2 0G,1,3750000.0,3750000.0,3750000.0,0.0,2000,2000,0.0,0.0,0.0
NISSAN,CEFIRO A33 MAXIMA,1,3740000.0,3740000.0,3740000.0,0.0,2000,2000,0.0,0.0,0.0
NISSAN,CEFIRO C33,1,3400000.0,3400000.0,3400000.0,0.0,2000,2000,0.0,0.0,0.0
NISSAN,CEFIRO EXCIMO,1,3900000.0,3900000.0,3900000.0,0.0,2000,2000,0.0,0.0,0.0
NISSAN,CEFIRO J31 230JM,1,4985000.0,4985000.0,4985000.0,0.0,2004,2004,0.0,0.0,0.0
NISSAN,CUBE BZ11,1,4000000.0,4000000.0,4000000.0,0.0,2002,2002,0.0,0.0,0.0
NISSAN,DAYZ SAFETY LIMITED EDITION,1,6090000.0,6090000.0,6090000.0,0.0,2017,2017,0.0,0.0,0.0
NISSAN,DOCTOR SUNNY FB13,1,1575000.0,1575000.0,1575000.0,0.0,1992,1992,0.0,0.0,0.0
NISSAN,E B12 SUNNY,1,1800000.0,1800000.0,1800000.0,0.0,1986,1986,0.0,0.0,0.0
NISSAN,EB 12 SUNNY,1,1300000.0,1300000.0,1300000.0,0.0,1987,1987,0.0,0.0,0.0
NISSAN,EF12 SUNNY,1,1575000.0,1575000.0,1575000.0,0.0,1989,1989,0.0,0.0,0.0
NISSAN,FB 31,1,1790000.0,1790000.0,1790000.0,0.0,1991,1991,0.0,0.0,0.0
NISSAN,FB12 SUNNY,1,1350000.0,1350000.0,1350000.0,0.0,1987,1987,0.0,0.0,0.0
NISSAN,FB13 SUNNY,1,1750000.0,1750000.0,1750000.0,0.0,1992,1992,0.0,0.0,0.0
NISSAN,FB14 PRESEA,1,3500000.0,3500000.0,3500000.0,0.0,2000,2000,0.0,0.0,0.0
NISSAN,FB14 PULSAR,1,3000000.0,3000000.0,3000000.0,0.0,2000,2000,0.0,0.0,0.0
NISSAN,FB15 EX,1,4325000.0,4325000.0,4325000.0,0.0,2002,2002,0.0,0.0,0.0
NISSAN,FB15 EX SLOON,1,4050000.0,4050000.0,4050000.0,0.0,1999,1999,0.0,0.0,0.0
NISSAN,FB15 SPLEND ECO MODEL,1,3655000.0,3655000.0,3655000.0,0.0,2000,2000,0.0,0.0,0.0
NISSAN,FB15 SUPER,1,3575000.0,3575000.0,3575000.0,0.0,1998,1998,0.0,0.0,0.0
NISSAN,FG10,1,4990000.0,4990000.0,4990000.0,0.0,2005,2005,0.0,0.0,0.0
NISSAN,FN 15,1,3175000.0,3175000.0,3175000.0,0.0,1999,1999,0.0,0.0,0.0
NISSAN,FN14 PULSAR,1,1950000.0,1950000.0,1950000.0,0.0,1994,1994,0.0,0.0,0.0
NISSAN,G11,1,6875000.0,6875000.0,6875000.0,0.0,2010,2010,0.0,0.0,0.0
NISSAN,HB11 LAUREL SPIRIT,1,1210000.0,1210000.0,1210000.0,0.0,1986,1986,0.0,0.0,0.0
NISSAN,HB12 TRAD SUNNY FULL LIGHT,1,1350000.0,1350000.0,1350000.0,0.0,1988,1988,0.0,0.0,0.0
NISSAN,HB15,1,3500000.0,3500000.0,3500000.0,0.0,2002,2002,0.0,0.0,0.0
NISSAN,HN 12,1,600000.0,600000.0,600000.0,0.0,1989,1989,0.0,0.0,0.0
NISSAN,LANGLEY HN12,1,510000.0,510000.0,510000.0,0.0,1986,1986,0.0,0.0,0.0
NISSAN,LAUREL,1,6500000.0,6500000.0,6500000.0,0.0,2008,2008,0.0,0.0,0.0
NISSAN,LEAF AZE0,1,7800000.0,7800000.0,7800000.0,0.0,2017,2017,0.0,0.0,0.0
NISSAN,LEAF AZE0 UK ACCENTA,1,7800000.0,7800000.0,7800000.0,0.0,2014,2014,0.0,0.0,0.0
NISSAN,LEAF AZEO G,1,5600000.0,5600000.0,5600000.0,0.0,2014,2014,0.0,0.0,0.0
NISSAN,LEAF AZEO G GRADE 9BAR 120KM,1,5290000.0,5290000.0,5290000.0,0.0,2013,2013,0.0,0.0,0.0
NISSAN,LEAF AZEO JAPAN,1,5350000.0,5350000.0,5350000.0,0.0,2013,2013,0.0,0.0,0.0
NISSAN,LEAF AZEO X 40KW 225KM,1,5700000.0,5700000.0,5700000.0,0.0,2013,2013,0.0,0.0,0.0
NISSAN,LEAF AZEO X GRADE,1,6250000.0,6250000.0,6250000.0,0.0,2013,2013,0.0,0.0,0.0
NISSAN,LEAF AZEO X LIMITED,1,4600000.0,4600000.0,4600000.0,0.0,2013,2013,0.0,0.0,0.0
NISSAN,LEAF G,1,6490000.0,6490000.0,6490000.0,0.0,2016,2016,0.0,0.0,0.0
NISSAN,LEAF G GRADE AZEO,1,4860000.0,4860000.0,4860000.0,0.0,2013,2013,0.0,0.0,0.0
NISSAN,LEAF G LIMITED,1,5150000.0,5150000.0,5150000.0,0.0,2015,2015,0.0,0.0,0.0
NISSAN,LEAF ZEO 10 BAR 150KM,1,4650000.0,4650000.0,4650000.0,0.0,2012,2012,0.0,0.0,0.0
NISSAN,LEAF ZEO 62KWH 500KM RANGE,1,6500000.0,6500000.0,6500000.0,0.0,2012,2012,0.0,0.0,0.0
NISSAN,MARCH AK11 ANNIVERSARY,1,3350000.0,3350000.0,3350000.0,0.0,2001,2001,0.0,0.0,0.0
NISSAN,MARCH AK13,1,4975000.0,4975000.0,4975000.0,0.0,2011,2011,0.0,0.0,0.0
NISSAN,MARCH B11,1,925000.0,925000.0,925000.0,0.0,1986,1986,0.0,0.0,0.0
NISSAN,MARCH K10 SPORT,1,1175000.0,1175000.0,1175000.0,0.0,1989,1989,0.0,0.0,0.0
NISSAN,MARCH K11 LIMITED,1,3190000.0,3190000.0,3190000.0,0.0,2001,2001,0.0,0.0,0.0
NISSAN,MARCH K11 LIMITED EDITION,1,3075000.0,3075000.0,3075000.0,0.0,2005,2005,0.0,0.0,0.0
NISSAN,MARCH K11 MIA,1,2885000.0,2885000.0,2885000.0,0.0,2001,2001,0.0,0.0,0.0
NISSAN,MARCH K12 AK12,1,3900000.0,3900000.0,3900000.0,0.0,2006,2006,0.0,0.0,0.0
NISSAN,MARCH MIA,1,3000000.0,3000000.0,3000000.0,0.0,2001,2001,0.0,0.0,0.0
NISSAN,MARCH MIA K11,1,2975000.0,2975000.0,2975000.0,0.0,2001,2001,0.0,0.0,0.0
NISSAN,MARCH TURBO K10,1,1475000.0,1475000.0,1475000.0,0.0,1990,1990,0.0,0.0,0.0
NISSAN,MOCO,1,4100000.0,4100000.0,4100000.0,0.0,2008,2008,0.0,0.0,0.0
NISSAN,N16N17 LUXURY EDITION,1,4500000.0,4500000.0,4500000.0,0.0,2003,2003,0.0,0.0,0.0
NISSAN,N17 SUPER SALOON,1,5575000.0,5575000.0,5575000.0,0.0,2010,2010,0.0,0.0,0.0
NISSAN,P11 PRIMERA,1,3100000.0,3100000.0,3100000.0,0.0,1998,1998,0.0,0.0,0.0
NISSAN,PN12,1,650000.0,650000.0,650000.0,0.0,1985,1985,0.0,0.0,0.0
NISSAN,PRESEA REFINA 2,1,2790000.0,2790000.0,2790000.0,0.0,2000,2000,0.0,0.0,0.0
NISSAN,PRIMERA P11,1,2790000.0,2790000.0,2790000.0,0.0,1997,1997,0.0,0.0,0.0
NISSAN,PRIMERA P11 CAMINO,1,2490000.0,2490000.0,2490000.0,0.0,1996,1996,0.0,0.0,0.0
NISSAN,PRIMERA P11 EFI,1,2600000.0,2600000.0,2600000.0,0.0,1999,1999,0.0,0.0,0.0
NISSAN,PULSAR FB15,1,2975000.0,2975000.0,2975000.0,0.0,2000,2000,0.0,0.0,0.0
NISSAN,PULSAR FN14,1,1980000.0,1980000.0,1980000.0,0.0,1996,1996,0.0,0.0,0.0
NISSAN,QASHQAI,1,15850000.0,15850000.0,15850000.0,0.0,2019,2019,0.0,0.0,0.0
NISSAN,QASHQAI TEKNA UK,1,13900000.0,13900000.0,13900000.0,0.0,2017,2017,0.0,0.0,0.0
NISSAN,SUNNU B211,1,500000.0,500000.0,500000.0,0.0,1976,1976,0.0,0.0,0.0
NISSAN,SUNNY B11,1,875000.0,875000.0,875000.0,0.0,1984,1984,0.0,0.0,0.0
NISSAN,SUNNY B13,1,2050000.0,2050000.0,2050000.0,0.0,1991,1991,0.0,0.0,0.0
NISSAN,SUNNY EX SALOON,1,3650000.0,3650000.0,3650000.0,0.0,1999,1999,0.0,0.0,0.0
NISSAN,SUNNY EX SALOON N16,1,3750000.0,3750000.0,3750000.0,0.0,2001,2001,0.0,0.0,0.0
NISSAN,SUNNY FB13 ANNIVERSARY,1,2400000.0,2400000.0,2400000.0,0.0,1993,1993,0.0,0.0,0.0
NISSAN,SUNNY FB14 EX SALOON,1,2890000.0,2890000.0,2890000.0,0.0,1996,1996,0.0,0.0,0.0
NISSAN,SUNNY FB15 EX SALOON,1,3690000.0,3690000.0,3690000.0,0.0,2000,2000,0.0,0.0,0.0
NISSAN,SUNNY HB11,1,820000.0,820000.0,820000.0,0.0,1985,1985,0.0,0.0,0.0
NISSAN,SUNNY HB11 E15,1,850000.0,850000.0,850000.0,0.0,1984,1984,0.0,0.0,0.0
NISSAN,SUNNY HB12,1,1200000.0,1200000.0,1200000.0,0.0,1989,1989,0.0,0.0,0.0
NISSAN,SUNNY N17,1,3975000.0,3975000.0,3975000.0,0.0,2008,2008,0.0,0.0,0.0
NISSAN,SUNNY SB 12,1,1350000.0,1350000.0,1350000.0,0.0,1989,1989,0.0,0.0,0.0
NISSAN,SUNNY SB14 EX SALOON,1,2490000.0,2490000.0,2490000.0,0.0,1998,1998,0.0,0.0,0.0
NISSAN,SUNNY VB11,1,535000.0,535000.0,535000.0,0.0,1985,1985,0.0,0.0,0.0
NISSAN,SUUNY EX SALOON N17,1,3590000.0,3590000.0,3590000.0,0.0,2003,2003,0.0,0.0,0.0
NISSAN,TB VY11,1,2450000.0,2450000.0,2450000.0,0.0,2001,2001,0.0,0.0,0.0
NISSAN,TRAD SUNNY HB12 EX SALOON,1,1230000.0,1230000.0,1230000.0,0.0,1988,1988,0.0,0.0,0.0
NISSAN,TRAD SUNNY WB12,1,880000.0,880000.0,880000.0,0.0,1989,1989,0.0,0.0,0.0
NISSAN,VANETTE,1,1875000.0,1875000.0,1875000.0,0.0,2001,2001,0.0,0.0,0.0
NISSAN,VB11 SUNNY,1,795000.0,795000.0,795000.0,0.0,1985,1985,0.0,0.0,0.0
NISSAN,VY10,1,1375000.0,1375000.0,1375000.0,0.0,1992,1992,0.0,0.0,0.0
NISSAN,WFY11,1,2975000.0,2975000.0,2975000.0,0.0,2001,2001,0.0,0.0,0.0
NISSAN,WFY11 WINGROAD,1,3650000.0,3650000.0,3650000.0,0.0,2001,2001,0.0,0.0,0.0
NISSAN,WHB11 CALIFORNIA WAGON,1,475000.0,475000.0,475000.0,0.0,1984,1984,0.0,0.0,0.0
NISSAN,WINGROAD AD WAGON,1,2950000.0,2950000.0,2950000.0,0.0,1999,1999,0.0,0.0,0.0
NISSAN,WINGROAD VFY11,1,3290000.0,3290000.0,3290000.0,0.0,2000,2000,0.0,0.0,0.0
NISSAN,WINGROAD WFY-11,1,3650000.0,3650000.0,3650000.0,0.0,2001,2001,0.0,0.0,0.0
NISSAN,WINGROAD Y 12,1,4650000.0,4650000.0,4650000.0,0.0,2007,2007,0.0,0.0,0.0
NISSAN,WY11 WINGROAD,1,3675000.0,3675000.0,3675000.0,0.0,2002,2002,0.0,0.0,0.0
NISSAN,Y10 ORJENAL CAR,1,1650000.0,1650000.0,1650000.0,0.0,1994,1994,0.0,0.0,0.0
OPEL,ASTRA F,1,1250000.0,1250000.0,1250000.0,0.0,1996,1996,0.0,0.0,0.0
OPEL,ASTRA G,1,2600000.0,2600000.0,2600000.0,0.0,2001,2001,0.0,0.0,0.0
OPEL,CORSA B,1,1050000.0,1050000.0,1050000.0,0.0,1995,1995,0.0,0.0,0.0
OPEL,OMEGA,1,1325000.0,1325000.0,1325000.0,0.0,1995,1995,0.0,0.0,0.0
OPEL,OPEL,1,1250000.0,1250000.0,1250000.0,0.0,1996,1996,0.0,0.0,0.0
OTHER,ATV,1,750000.0,750000.0,750000.0,0.0,2010,2010,0.0,0.0,0.0
PERODUA,BEZZA HIGHEST SPEC,1,8000000.0,8000000.0,8000000.0,0.0,2018,2018,0.0,0.0,0.0
PERODUA,PROTON SAGA,1,995000.0,995000.0,995000.0,0.0,2011,2011,0.0,0.0,0.0
PERODUA,VIVA ELITE AMIEZG,1,4450000.0,4450000.0,4450000.0,0.0,2011,2011,0.0,0.0,0.0
PEUGEOT,0,1,1300000.0,1300000.0,1300000.0,0.0,1996,1996,0.0,0.0,0.0
PEUGEOT,203,1,4000000.0,4000000.0,4000000.0,0.0,1985,1985,0.0,0.0,0.0
PEUGEOT,405 GLD,1,1285000.0,1285000.0,1285000.0,0.0,1995,1995,0.0,0.0,0.0
PEUGEOT,406 D9 GLX,1,2750000.0,2750000.0,2750000.0,0.0,2000,2000,0.0,0.0,0.0
PEUGEOT,406 D9 GTX,1,2750000.0,2750000.0,2750000.0,0.0,2001,2001,0.0,0.0,0.0
PEUGEOT,406 HDI,1,3300000.0,3300000.0,3300000.0,0.0,2001,2001,0.0,0.0,0.0
PEUGEOT,407 EXECUTIVE,1,4890000.0,4890000.0,4890000.0,0.0,2007,2007,0.0,0.0,0.0
PEUGEOT,504 GL,1,1175000.0,1175000.0,1175000.0,0.0,1978,1978,0.0,0.0,0.0
PEUGEOT,504 L,1,950000.0,950000.0,950000.0,0.0,1976,1976,0.0,0.0,0.0
PEUGEOT,505 GL,1,1350000.0,1350000.0,1350000.0,0.0,1988,1988,0.0,0.0,0.0
PEUGEOT,605,1,475000.0,475000.0,475000.0,0.0,1993,1993,0.0,0.0,0.0
PEUGEOT,605 SR,1,1350000.0,1350000.0,1350000.0,0.0,1993,1993,0.0,0.0,0.0
PEUGEOT,GT LINE,1,21000000.0,21000000.0,21000000.0,0.0,2019,2019,0.0,0.0,0.0
RENAULT,KWID RED,1,3560000.0,3560000.0,3560000.0,0.0,2018,2018,0.0,0.0,0.0
RENAULT,LAGUNA,1,2950000.0,2950000.0,2950000.0,0.0,2004,2004,0.0,0.0,0.0
RENAULT,MEGANE,1,2500000.0,2500000.0,2500000.0,0.0,2006,2006,0.0,0.0,0.0
RENAULT,RENAULT,1,1100000.0,1100000.0,1100000.0,0.0,1991,1991,0.0,0.0,0.0
SEAT,TOLEDO,1,2800000.0,2800000.0,2800000.0,0.0,2002,2002,0.0,0.0,0.0
SKODA,OCTAVIA,1,2100000.0,2100000.0,2100000.0,0.0,2002,2002,0.0,0.0,0.0
SKODA,SUPERB,1,2700000.0,2700000.0,2700000.0,0.0,2002,2002,0.0,0.0,0.0
SUBARU,GF5,1,4600000.0,4600000.0,4600000.0,0.0,1999,1999,0.0,0.0,0.0
SUBARU,IMPREZA WAGON,1,2950000.0,2950000.0,2950000.0,0.0,1996,1996,0.0,0.0,0.0
SUBARU,LEGACY,1,4700000.0,4700000.0,4700000.0,0.0,2004,2004,0.0,0.0,0.0
SUBARU,R2,1,3450000.0,3450000.0,3450000.0,0.0,2024,2024,0.0,0.0,0.0
SUBARU,STI 12,1,22500000.0,22500000.0,22500000.0,0.0,2015,2015,0.0,0.0,0.0
SUBARU,STI 6,1,6100000.0,6100000.0,6100000.0,0.0,2002,2002,0.0,0.0,0.0
SUBARU,STI 6 RA,1,8500000.0,8500000.0,8500000.0,0.0,2000,2000,0.0,0.0,0.0
SUBARU,STI4,1,4375000.0,4375000.0,4375000.0,0.0,1993,1993,0.0,0.0,0.0
SUBARU,SUBARU,1,900000.0,900000.0,900000.0,0.0,1989,1989,0.0,0.0,0.0
SUBARU,WRX STI 8,1,12000000.0,12000000.0,12000000.0,0.0,2003,2003,0.0,0.0,0.0
SUBARU,WRX STI 9,1,11500000.0,11500000.0,11500000.0,0.0,2004,2004,0.0,0.0,0.0
SUZUKI,A- STAR,1,1275000.0,1275000.0,1275000.0,0.0,2011,2011,0.0,0.0,0.0
SUZUKI,ALTO AVEO,1,2590000.0,2590000.0,2590000.0,0.0,2007,2007,0.0,0.0,0.0
SUZUKI,ALTO HA25S JAPAN,1,3275000.0,3275000.0,3275000.0,0.0,2003,2003,0.0,0.0,0.0
SUZUKI,ALTO JAPAN HA24S,1,3825000.0,3825000.0,3825000.0,0.0,2011,2011,0.0,0.0,0.0
SUZUKI,ALTO JAPAN TURBO RS WORKS,1,5800000.0,5800000.0,5800000.0,0.0,2015,2015,0.0,0.0,0.0
SUZUKI,ALTO L GRADE,1,5850000.0,5850000.0,5850000.0,0.0,2019,2019,0.0,0.0,0.0
SUZUKI,ALTO SPECIAL EDITION,1,2565000.0,2565000.0,2565000.0,0.0,2011,2011,0.0,0.0,0.0
SUZUKI,ALTO SPORT RPM METER,1,785000.0,785000.0,785000.0,0.0,2004,2004,0.0,0.0,0.0
SUZUKI,ALTO SPORTS,1,2450000.0,2450000.0,2450000.0,0.0,2012,2012,0.0,0.0,0.0
SUZUKI,BALENO XT JAPAN,1,8500000.0,8500000.0,8500000.0,0.0,2019,2019,0.0,0.0,0.0
SUZUKI,BEETLE JAPAN,1,5400000.0,5400000.0,5400000.0,0.0,2007,2007,0.0,0.0,0.0
SUZUKI,CELEREO VXI,1,4750000.0,4750000.0,4750000.0,0.0,2016,2016,0.0,0.0,0.0
SUZUKI,CELERIO VXI AMT,1,4950000.0,4950000.0,4950000.0,0.0,2015,2015,0.0,0.0,0.0
SUZUKI,CELERIO X,1,6150000.0,6150000.0,6150000.0,0.0,2018,2018,0.0,0.0,0.0
SUZUKI,CELERIO X AGS,1,6200000.0,6200000.0,6200000.0,0.0,2018,2018,0.0,0.0,0.0
SUZUKI,CELERIOX ZXI AGS,1,6275000.0,6275000.0,6275000.0,0.0,2019,2019,0.0,0.0,0.0
SUZUKI,CIAZ,1,7500000.0,7500000.0,7500000.0,0.0,2015,2015,0.0,0.0,0.0
SUZUKI,CULTUS JAPAN,1,1850000.0,1850000.0,1850000.0,0.0,1997,1997,0.0,0.0,0.0
SUZUKI,CULTUS WAGON JAPAN,1,2650000.0,2650000.0,2650000.0,0.0,2004,2004,0.0,0.0,0.0
SUZUKI,DAA-MH55S WAGON R,1,7125000.0,7125000.0,7125000.0,0.0,2017,2017,0.0,0.0,0.0
SUZUKI,ERTIGA,1,5550000.0,5550000.0,5550000.0,0.0,2014,2014,0.0,0.0,0.0
SUZUKI,HUSTLER J STYLE TURBO,1,6400000.0,6400000.0,6400000.0,0.0,2017,2017,0.0,0.0,0.0
SUZUKI,INDIAN WAGON R,1,2050000.0,2050000.0,2050000.0,0.0,2004,2004,0.0,0.0,0.0
SUZUKI,KEI JAPAN,1,3750000.0,3750000.0,3750000.0,0.0,2004,2004,0.0,0.0,0.0
SUZUKI,MARUTI 800 AC,1,1625000.0,1625000.0,1625000.0,0.0,2005,2005,0.0,0.0,0.0
SUZUKI,MARUTI EFI 05 FORWARD,1,1595000.0,1595000.0,1595000.0,0.0,2002,2002,0.0,0.0,0.0
SUZUKI,MARUTI EFL,1,1625000.0,1625000.0,1625000.0,0.0,2004,2004,0.0,0.0,0.0
SUZUKI,MARUTI OMNI,1,2050000.0,2050000.0,2050000.0,0.0,2011,2011,0.0,0.0,0.0
SUZUKI,MARUTI SPORT,1,2000000.0,2000000.0,2000000.0,0.0,2012,2012,0.0,0.0,0.0
SUZUKI,MARUTI ZEN ESTILO,1,3200000.0,3200000.0,3200000.0,0.0,2010,2010,0.0,0.0,0.0
SUZUKI,MH 45,1,5800000.0,5800000.0,5800000.0,0.0,2014,2014,0.0,0.0,0.0
SUZUKI,MH44S WAGON R,1,5675000.0,5675000.0,5675000.0,0.0,2016,2016,0.0,0.0,0.0
SUZUKI,MINI,1,2975000.0,2975000.0,2975000.0,0.0,1994,1994,0.0,0.0,0.0
SUZUKI,S-CROSS SX4,1,10500000.0,10500000.0,10500000.0,0.0,2018,2018,0.0,0.0,0.0
SUZUKI,SOLIO BANDIT,1,7950000.0,7950000.0,7950000.0,0.0,2016,2016,0.0,0.0,0.0
SUZUKI,SPACIA CUSTOM TURBO,1,6690000.0,6690000.0,6690000.0,0.0,2015,2015,0.0,0.0,0.0
SUZUKI,SPACIA CUSTOM XS,1,8350000.0,8350000.0,8350000.0,0.0,2018,2018,0.0,0.0,0.0
SUZUKI,SPACIA CUSTOM XS SAFETY,1,8490000.0,8490000.0,8490000.0,0.0,2018,2018,0.0,0.0,0.0
SUZUKI,SPACIA CUSTOM Z SAFETY TURBO,1,6975000.0,6975000.0,6975000.0,0.0,2017,2017,0.0,0.0,0.0
SUZUKI,SPACIA G GRADE,1,5700000.0,5700000.0,5700000.0,0.0,2015,2015,0.0,0.0,0.0
SUZUKI,SPACIA TURBO,1,6875000.0,6875000.0,6875000.0,0.0,2018,2018,0.0,0.0,0.0
SUZUKI,SPACIA XS CUSTOM SAFETY EDITION,1,8000000.0,8000000.0,8000000.0,0.0,2018,2018,0.0,0.0,0.0
SUZUKI,SPACIA XS CUSTOM TURBO,1,2500000.0,2500000.0,2500000.0,0.0,2018,2018,0.0,0.0,0.0
SUZUKI,SWIFT BEETLE LIMITED EDITION,1,4500000.0,4500000.0,4500000.0,0.0,2004,2004,0.0,0.0,0.0
SUZUKI,SWIFT BEETLE SPECIAL EDITION,1,5890000.0,5890000.0,5890000.0,0.0,2010,2010,0.0,0.0,0.0
SUZUKI,SWIFT CENTER ANTENNA MODEL,1,4050000.0,4050000.0,4050000.0,0.0,2004,2004,0.0,0.0,0.0
SUZUKI,SWIFT CENTER ANTERNNA JEEP MODEL,1,4295000.0,4295000.0,4295000.0,0.0,2004,2004,0.0,0.0,0.0
SUZUKI,SWIFT DIZER,1,3890000.0,3890000.0,3890000.0,0.0,2010,2010,0.0,0.0,0.0
SUZUKI,SWIFT JAPAN SPORT,1,5275000.0,5275000.0,5275000.0,0.0,2010,2010,0.0,0.0,0.0
SUZUKI,SWIFT JEEP,1,3400000.0,3400000.0,3400000.0,0.0,2003,2003,0.0,0.0,0.0
SUZUKI,SWIFT LIANA,1,2990000.0,2990000.0,2990000.0,0.0,2006,2006,0.0,0.0,0.0
SUZUKI,SWIFT RS SPORT ZC72S,1,6550000.0,6550000.0,6550000.0,0.0,2012,2012,0.0,0.0,0.0
SUZUKI,SWIFT RS TURBO ZC13S,1,9475000.0,9475000.0,9475000.0,0.0,2017,2017,0.0,0.0,0.0
SUZUKI,SWIFT SPORTS,1,4300000.0,4300000.0,4300000.0,0.0,2004,2004,0.0,0.0,0.0
SUZUKI,SWIFT VXI,1,3850000.0,3850000.0,3850000.0,0.0,2010,2010,0.0,0.0,0.0
SUZUKI,SX4 CROSS,1,5650000.0,5650000.0,5650000.0,0.0,2009,2009,0.0,0.0,0.0
SUZUKI,SX4 JAPAN,1,5500000.0,5500000.0,5500000.0,0.0,2011,2011,0.0,0.0,0.0
SUZUKI,SX4 SEDAN,1,5790000.0,5790000.0,5790000.0,0.0,2010,2010,0.0,0.0,0.0
SUZUKI,SX4 SEDEN,1,5790000.0,5790000.0,5790000.0,0.0,2010,2010,0.0,0.0,0.0
SUZUKI,WAGON R 44S,1,5175000.0,5175000.0,5175000.0,0.0,2015,2015,0.0,0.0,0.0
SUZUKI,WAGON R CUSTOM Z TURBO,1,9300000.0,9300000.0,9300000.0,0.0,2024,2024,0.0,0.0,0.0
SUZUKI,WAGON R FZ CAM,1,6450000.0,6450000.0,6450000.0,0.0,2018,2018,0.0,0.0,0.0
SUZUKI,WAGON R FZ JAPAN,1,5300000.0,5300000.0,5300000.0,0.0,2015,2015,0.0,0.0,0.0
SUZUKI,WAGON R MH44 FZ,1,5500000.0,5500000.0,5500000.0,0.0,2014,2014,0.0,0.0,0.0
SUZUKI,WAGON R MH44S,1,5475000.0,5475000.0,5475000.0,0.0,2015,2015,0.0,0.0,0.0
SUZUKI,WAGON R MH55S FZ,1,6350000.0,6350000.0,6350000.0,0.0,2017,2017,0.0,0.0,0.0
SUZUKI,WAGON R PREMIUM FZ,1,6850000.0,6850000.0,6850000.0,0.0,2018,2018,0.0,0.0,0.0
SUZUKI,WAGON R TURBO,1,7295000.0,7295000.0,7295000.0,0.0,2017,2017,0.0,0.0,0.0
SUZUKI,WAGON R ZX MH95S,1,7580000.0,7580000.0,7580000.0,0.0,2023,2023,0.0,0.0,0.0
SUZUKI,X 44,1,3675000.0,3675000.0,3675000.0,0.0,2008,2008,0.0,0.0,0.0
TATA,EV2 XETA,1,2185000.0,2185000.0,2185000.0,0.0,2015,2015,0.0,0.0,0.0
TATA,INDICA EV2 GLX,1,2545000.0,2545000.0,2545000.0,0.0,2014,2014,0.0,0.0,0.0
TATA,INDICA GLX,1,2890000.0,2890000.0,2890000.0,0.0,2015,2015,0.0,0.0,0.0
TATA,INDICA LXI V2,1,1300000.0,1300000.0,1300000.0,0.0,2005,2005,0.0,0.0,0.0
TATA,INDICA V2 LSI,1,1475000.0,1475000.0,1475000.0,0.0,2003,2003,0.0,0.0,0.0
TATA,INDICA XETA GLX EV2,1,2575000.0,2575000.0,2575000.0,0.0,2015,2015,0.0,0.0,0.0
TATA,INDICA XETA GLX V2,1,1775000.0,1775000.0,1775000.0,0.0,2007,2007,0.0,0.0,0.0
TATA,INDIGO ECS,1,2850000.0,2850000.0,2850000.0,0.0,2015,2015,0.0,0.0,0.0
TATA,INDIGO MARINA,1,1650000.0,1650000.0,1650000.0,0.0,2006,2006,0.0,0.0,0.0
TATA,INDIGO MARINA GLX,1,1850000.0,1850000.0,1850000.0,0.0,2005,2005,0.0,0.0,0.0
TATA,NANO CX,1,1225000.0,1225000.0,1225000.0,0.0,2012,2012,0.0,0.0,0.0
TATA,TATA,1,1750000.0,1750000.0,1750000.0,0.0,2005,2005,0.0,0.0,0.0
TESLA,MODEL 3,1,37500000.0,37500000.0,37500000.0,0.0,2024,2024,0.0,0.0,0.0
TOYOTA,110 111,1,3700000.0,3700000.0,3700000.0,0.0,1997,1997,0.0,0.0,0.0
TOYOTA,110 L EMPEROR,1,4375000.0,4375000.0,4375000.0,0.0,2008,2008,0.0,0.0,0.0
TOYOTA,110 L GRADE LIMITED EDITION,1,3600000.0,3600000.0,3600000.0,0.0,1999,1999,0.0,0.0,0.0
TOYOTA,110 LIMITED,1,4550000.0,4550000.0,4550000.0,0.0,2000,2000,0.0,0.0,0.0
TOYOTA,110 XE SALOON,1,3590000.0,3590000.0,3590000.0,0.0,1997,1997,0.0,0.0,0.0
TOYOTA,121 G,1,6350000.0,6350000.0,6350000.0,0.0,2002,2002,0.0,0.0,0.0
TOYOTA,141 GLI,1,8850000.0,8850000.0,8850000.0,0.0,2011,2011,0.0,0.0,0.0
TOYOTA,AE00 SPRINTER,1,2150000.0,2150000.0,2150000.0,0.0,1992,1992,0.0,0.0,0.0
TOYOTA,AE100 EE101,1,2000000.0,2000000.0,2000000.0,0.0,1991,1991,0.0,0.0,0.0
TOYOTA,AE100 LIMITED EDITION,1,3200000.0,3200000.0,3200000.0,0.0,1997,1997,0.0,0.0,0.0
TOYOTA,AE100 SALOON,1,2475000.0,2475000.0,2475000.0,0.0,1995,1995,0.0,0.0,0.0
TOYOTA,AE100 SE LIMITED,1,2490000.0,2490000.0,2490000.0,0.0,1995,1995,0.0,0.0,0.0
TOYOTA,AE110 SE SALOON,1,3600000.0,3600000.0,3600000.0,0.0,1997,1997,0.0,0.0,0.0
TOYOTA,AE110 SE SALOON VINTAGE,1,3375000.0,3375000.0,3375000.0,0.0,1996,1996,0.0,0.0,0.0
TOYOTA,AE110 SPRINTER,1,3075000.0,3075000.0,3075000.0,0.0,1997,1997,0.0,0.0,0.0
TOYOTA,AE111,1,3625000.0,3625000.0,3625000.0,0.0,1999,1999,0.0,0.0,0.0
TOYOTA,AE80 COROLLA GL,1,960000.0,960000.0,960000.0,0.0,1983,1983,0.0,0.0,0.0
TOYOTA,AK12,1,3275000.0,3275000.0,3275000.0,0.0,2002,2002,0.0,0.0,0.0
TOYOTA,ALLION 260 A18,1,8350000.0,8350000.0,8350000.0,0.0,2007,2007,0.0,0.0,0.0
TOYOTA,ALLION 260 G LIMITED,1,12300000.0,12300000.0,12300000.0,0.0,2013,2013,0.0,0.0,0.0
TOYOTA,ALLION 260 NZT,1,9375000.0,9375000.0,9375000.0,0.0,2007,2007,0.0,0.0,0.0
TOYOTA,ALLION 260G LIMITED,1,11800000.0,11800000.0,11800000.0,0.0,2013,2013,0.0,0.0,0.0
TOYOTA,ALLION 260G REAR WIPER,1,11000000.0,11000000.0,11000000.0,0.0,2011,2011,0.0,0.0,0.0
TOYOTA,ALLION A15,1,8250000.0,8250000.0,8250000.0,0.0,2007,2007,0.0,0.0,0.0
TOYOTA,ALLION ANNIVERSARY,1,8850000.0,8850000.0,8850000.0,0.0,2007,2007,0.0,0.0,0.0
TOYOTA,ALLION G,1,11500000.0,11500000.0,11500000.0,0.0,2013,2013,0.0,0.0,0.0
TOYOTA,ALLION NZE240,1,6750000.0,6750000.0,6750000.0,0.0,2003,2003,0.0,0.0,0.0
TOYOTA,ALLION NZT240 ANNIVERSARY,1,7650000.0,7650000.0,7650000.0,0.0,2006,2006,0.0,0.0,0.0
TOYOTA,ALPHARD,1,9500000.0,9500000.0,9500000.0,0.0,2015,2015,0.0,0.0,0.0
TOYOTA,AQUA GS,1,8900000.0,8900000.0,8900000.0,0.0,2015,2015,0.0,0.0,0.0
TOYOTA,AQUA S GRADE LIMITED,1,7000000.0,7000000.0,7000000.0,0.0,2013,2013,0.0,0.0,0.0
TOYOTA,AQUA S LIMITED EDITION,1,6985000.0,6985000.0,6985000.0,0.0,2012,2012,0.0,0.0,0.0
TOYOTA,AQUA URBAN LIMITED,1,8775000.0,8775000.0,8775000.0,0.0,2015,2015,0.0,0.0,0.0
TOYOTA,AQUA URBAN S LIMITED,1,8375000.0,8375000.0,8375000.0,0.0,2015,2015,0.0,0.0,0.0
TOYOTA,AQUA X,1,9250000.0,9250000.0,9250000.0,0.0,2015,2015,0.0,0.0,0.0
TOYOTA,AT 150,1,475000.0,475000.0,475000.0,0.0,1990,1990,0.0,0.0,0.0
TOYOTA,AT 170,1,1775000.0,1775000.0,1775000.0,0.0,1992,1992,0.0,0.0,0.0
TOYOTA,AT170,1,1650000.0,1650000.0,1650000.0,0.0,1989,1989,0.0,0.0,0.0
TOYOTA,AT170 CORONA,1,1650000.0,1650000.0,1650000.0,0.0,1989,1989,0.0,0.0,0.0
TOYOTA,AURIS,1,7300000.0,7300000.0,7300000.0,0.0,2007,2007,0.0,0.0,0.0
TOYOTA,AVANZA BODY,1,6690000.0,6690000.0,6690000.0,0.0,2012,2012,0.0,0.0,0.0
TOYOTA,AVANZA G GRADE,1,5590000.0,5590000.0,5590000.0,0.0,2008,2008,0.0,0.0,0.0
TOYOTA,AXIO 141 G GRADE,1,7930000.0,7930000.0,7930000.0,0.0,2007,2007,0.0,0.0,0.0
TOYOTA,AXIO 160,1,9000000.0,9000000.0,9000000.0,0.0,2013,2013,0.0,0.0,0.0
TOYOTA,AXIO G LIMITED,1,7600000.0,7600000.0,7600000.0,0.0,2007,2007,0.0,0.0,0.0
TOYOTA,AXIO HID EXTRA LIMITED,1,8200000.0,8200000.0,8200000.0,0.0,2012,2012,0.0,0.0,0.0
TOYOTA,AXIO LIMITED,1,7550000.0,7550000.0,7550000.0,0.0,2008,2008,0.0,0.0,0.0
TOYOTA,AXIO S GRADE,1,9690000.0,9690000.0,9690000.0,0.0,2014,2014,0.0,0.0,0.0
TOYOTA,BB,1,4875000.0,4875000.0,4875000.0,0.0,2008,2008,0.0,0.0,0.0
TOYOTA,BELTA SPC92,1,8350000.0,8350000.0,8350000.0,0.0,2012,2012,0.0,0.0,0.0
TOYOTA,CAMRY CV 30,1,1775000.0,1775000.0,1775000.0,0.0,1991,1991,0.0,0.0,0.0
TOYOTA,CAMRY CV30,1,1700000.0,1700000.0,1700000.0,0.0,1994,1994,0.0,0.0,0.0
TOYOTA,CAMRY G GRADE,1,9500000.0,9500000.0,9500000.0,0.0,2011,2011,0.0,0.0,0.0
TOYOTA,CARIN AT192,1,2800000.0,2800000.0,2800000.0,0.0,1996,1996,0.0,0.0,0.0
TOYOTA,CARINA 150,1,635000.0,635000.0,635000.0,0.0,1989,1989,0.0,0.0,0.0
TOYOTA,CARINA 212,1,3590000.0,3590000.0,3590000.0,0.0,1996,1996,0.0,0.0,0.0
TOYOTA,CARINA 212 TI MYROAD,1,4350000.0,4350000.0,4350000.0,0.0,1998,1998,0.0,0.0,0.0
TOYOTA,CARINA AT192 SX,1,2600000.0,2600000.0,2600000.0,0.0,1993,1993,0.0,0.0,0.0
TOYOTA,CARINA AT212 TI MY ROAD,1,3895000.0,3895000.0,3895000.0,0.0,1996,1996,0.0,0.0,0.0
TOYOTA,CARINA ET176,1,2275000.0,2275000.0,2275000.0,0.0,1991,1991,0.0,0.0,0.0
TOYOTA,CARINA L KA67V,1,1600000.0,1600000.0,1600000.0,0.0,1987,1987,0.0,0.0,0.0
TOYOTA,CARINA SX AT192 ANNIVERSARY,1,2650000.0,2650000.0,2650000.0,0.0,1993,1993,0.0,0.0,0.0
TOYOTA,CARINA TI,1,4480000.0,4480000.0,4480000.0,0.0,1999,1999,0.0,0.0,0.0
TOYOTA,CARINA TI 212,1,4200000.0,4200000.0,4200000.0,0.0,1998,1998,0.0,0.0,0.0
TOYOTA,CARINA TI MY ROAD,1,3700000.0,3700000.0,3700000.0,0.0,1997,1997,0.0,0.0,0.0
TOYOTA,CARINA TI MY ROAD AT212,1,3825000.0,3825000.0,3825000.0,0.0,1996,1996,0.0,0.0,0.0
TOYOTA,CARINA WAGON,1,1275000.0,1275000.0,1275000.0,0.0,1990,1990,0.0,0.0,0.0
TOYOTA,CARINATI MY ROAD CT 210,1,3750000.0,3750000.0,3750000.0,0.0,1997,1997,0.0,0.0,0.0
TOYOTA,CE106,1,2100000.0,2100000.0,2100000.0,0.0,1992,1992,0.0,0.0,0.0
TOYOTA,CE106 COROLLA WAGON ELEPHANTBACK,1,2690000.0,2690000.0,2690000.0,0.0,2000,2000,0.0,0.0,0.0
TOYOTA,CE106 WAGON,1,2450000.0,2450000.0,2450000.0,0.0,2000,2000,0.0,0.0,0.0
TOYOTA,CE108,1,2850000.0,2850000.0,2850000.0,0.0,1997,1997,0.0,0.0,0.0
TOYOTA,CE110 CRYSTAL LIGHT,1,2825000.0,2825000.0,2825000.0,0.0,1997,1997,0.0,0.0,0.0
TOYOTA,CE110 XE SALOON,1,3325000.0,3325000.0,3325000.0,0.0,1997,1997,0.0,0.0,0.0
TOYOTA,COROLLA 102 ELEPHANT BACK,1,2695000.0,2695000.0,2695000.0,0.0,2000,2000,0.0,0.0,0.0
TOYOTA,COROLLA 106 ELEPHANT BACK,1,3100000.0,3100000.0,3100000.0,0.0,2000,2000,0.0,0.0,0.0
TOYOTA,COROLLA 106 WAGON ELEPHANT BACK,1,2090000.0,2090000.0,2090000.0,0.0,1993,1993,0.0,0.0,0.0
TOYOTA,COROLLA 108,1,2450000.0,2450000.0,2450000.0,0.0,1996,1996,0.0,0.0,0.0
TOYOTA,COROLLA 110 L GRADE,1,4450000.0,4450000.0,4450000.0,0.0,1999,1999,0.0,0.0,0.0
TOYOTA,COROLLA 110 SPRINTER SE VINTAGE,1,2725000.0,2725000.0,2725000.0,0.0,1997,1997,0.0,0.0,0.0
TOYOTA,COROLLA 114,1,2725000.0,2725000.0,2725000.0,0.0,1998,1998,0.0,0.0,0.0
TOYOTA,COROLLA 121 G GRADE NZE121,1,5875000.0,5875000.0,5875000.0,0.0,2001,2001,0.0,0.0,0.0
TOYOTA,COROLLA 121 G TYPE,1,5900000.0,5900000.0,5900000.0,0.0,2002,2002,0.0,0.0,0.0
TOYOTA,COROLLA 121 GLI,1,5850000.0,5850000.0,5850000.0,0.0,2001,2001,0.0,0.0,0.0
TOYOTA,COROLLA 121 LX,1,5990000.0,5990000.0,5990000.0,0.0,2005,2005,0.0,0.0,0.0
TOYOTA,COROLLA 121 LX LIMITED,1,5950000.0,5950000.0,5950000.0,0.0,2005,2005,0.0,0.0,0.0
TOYOTA,COROLLA 121 LXI LIMITED,1,5790000.0,5790000.0,5790000.0,0.0,2003,2003,0.0,0.0,0.0
TOYOTA,COROLLA 141 LX LIMITED,1,6875000.0,6875000.0,6875000.0,0.0,2008,2008,0.0,0.0,0.0
TOYOTA,COROLLA 2 1N TURBO,1,1400000.0,1400000.0,1400000.0,0.0,1988,1988,0.0,0.0,0.0
TOYOTA,COROLLA 2 CORSA EL51,1,3250000.0,3250000.0,3250000.0,0.0,1997,1997,0.0,0.0,0.0
TOYOTA,COROLLA 2 EL 31 CORSA,1,1425000.0,1425000.0,1425000.0,0.0,1989,1989,0.0,0.0,0.0
TOYOTA,COROLLA 2 STARLET MODIFIED,1,2050000.0,2050000.0,2050000.0,0.0,1993,1993,0.0,0.0,0.0
TOYOTA,COROLLA AE100 G TOURING,1,3400000.0,3400000.0,3400000.0,0.0,2001,2001,0.0,0.0,0.0
TOYOTA,COROLLA AE100 LX LIMITED,1,2375000.0,2375000.0,2375000.0,0.0,1991,1991,0.0,0.0,0.0
TOYOTA,COROLLA AE100 SE LIMITED,1,1234567.92,1234567.92,1234567.92,0.0,1992,1992,0.0,0.0,0.0
TOYOTA,COROLLA AE110 G GRADE,1,3350000.0,3350000.0,3350000.0,0.0,1997,1997,0.0,0.0,0.0
TOYOTA,COROLLA AE110 L GRADE,1,4750000.0,4750000.0,4750000.0,0.0,2008,2008,0.0,0.0,0.0
TOYOTA,COROLLA AE110 RIVIERE,1,4750000.0,4750000.0,4750000.0,0.0,1999,1999,0.0,0.0,0.0
TOYOTA,COROLLA AE110 SE LIMITED,1,3925000.0,3925000.0,3925000.0,0.0,2008,2008,0.0,0.0,0.0
TOYOTA,COROLLA AE82 GT,1,3200000.0,3200000.0,3200000.0,0.0,1986,1986,0.0,0.0,0.0
TOYOTA,COROLLA AE91 SE LIMITED G,1,2300000.0,2300000.0,2300000.0,0.0,1991,1991,0.0,0.0,0.0
TOYOTA,COROLLA CE 108 L EXTRA,1,2950000.0,2950000.0,2950000.0,0.0,1997,1997,0.0,0.0,0.0
TOYOTA,COROLLA CE100,1,2690000.0,2690000.0,2690000.0,0.0,1992,1992,0.0,0.0,0.0
TOYOTA,COROLLA CE106,1,2350000.0,2350000.0,2350000.0,0.0,1996,1996,0.0,0.0,0.0
TOYOTA,COROLLA CE108,1,2975000.0,2975000.0,2975000.0,0.0,1998,1998,0.0,0.0,0.0
TOYOTA,COROLLA CE110 L GRADE,1,3900000.0,3900000.0,3900000.0,0.0,1998,1998,0.0,0.0,0.0
TOYOTA,COROLLA CE96,1,1690000.0,1690000.0,1690000.0,0.0,1989,1989,0.0,0.0,0.0
TOYOTA,COROLLA CE96 WAGON,1,1680000.0,1680000.0,1680000.0,0.0,1994,1994,0.0,0.0,0.0
TOYOTA,COROLLA DX EE96 AC PS PM,1,1475000.0,1475000.0,1475000.0,0.0,1989,1989,0.0,0.0,0.0
TOYOTA,COROLLA DX KE72,1,625000.0,625000.0,625000.0,0.0,1986,1986,0.0,0.0,0.0
TOYOTA,COROLLA DX KE74,1,1300000.0,1300000.0,1300000.0,0.0,1986,1986,0.0,0.0,0.0
TOYOTA,COROLLA DX WAGON EE106,1,2200000.0,2200000.0,2200000.0,0.0,1991,1991,0.0,0.0,0.0
TOYOTA,COROLLA DX WAGON EE96,1,1500000.0,1500000.0,1500000.0,0.0,1989,1989,0.0,0.0,0.0
TOYOTA,COROLLA DX WAGON EE98,1,2075000.0,2075000.0,2075000.0,0.0,1991,1991,0.0,0.0,0.0
TOYOTA,COROLLA DX WAGON KE72 HIGH ROOF,1,925000.0,925000.0,925000.0,0.0,1985,1985,0.0,0.0,0.0
TOYOTA,COROLLA DX WAGON KE74,1,800000.0,800000.0,800000.0,0.0,1986,1986,0.0,0.0,0.0
TOYOTA,COROLLA E80,1,1000000.0,1000000.0,1000000.0,0.0,1996,1996,0.0,0.0,0.0
TOYOTA,COROLLA EE100R,1,2530000.0,2530000.0,2530000.0,0.0,1993,1993,0.0,0.0,0.0
TOYOTA,COROLLA EE102,1,2275000.0,2275000.0,2275000.0,0.0,1997,1997,0.0,0.0,0.0
TOYOTA,COROLLA EE110,1,3350000.0,3350000.0,3350000.0,0.0,1997,1997,0.0,0.0,0.0
TOYOTA,COROLLA EE96 DX WAGON,1,1650000.0,1650000.0,1650000.0,0.0,1988,1988,0.0,0.0,0.0
TOYOTA,COROLLA EE98,1,1475000.0,1475000.0,1475000.0,0.0,1997,1997,0.0,0.0,0.0
TOYOTA,COROLLA ELEPHANT BACK,1,2300000.0,2300000.0,2300000.0,0.0,1995,1995,0.0,0.0,0.0
TOYOTA,COROLLA ELEPHANT BACK CE 108,1,3140000.0,3140000.0,3140000.0,0.0,1997,1997,0.0,0.0,0.0
TOYOTA,COROLLA ELEPHANT BACK CE106,1,2300000.0,2300000.0,2300000.0,0.0,1996,1996,0.0,0.0,0.0
TOYOTA,COROLLA ELEPHANT BACK EE105,1,1980000.0,1980000.0,1980000.0,0.0,1993,1993,0.0,0.0,0.0
TOYOTA,COROLLA ELEPHANT BACK G TOURING,1,2550000.0,2550000.0,2550000.0,0.0,1998,1998,0.0,0.0,0.0
TOYOTA,COROLLA ELEPHANT BACK WAGON,1,2600000.0,2600000.0,2600000.0,0.0,1996,1996,0.0,0.0,0.0
TOYOTA,COROLLA FIELDER,1,8450000.0,8450000.0,8450000.0,0.0,2013,2013,0.0,0.0,0.0
TOYOTA,COROLLA G EDITION,1,1690000.0,1690000.0,1690000.0,0.0,1991,1991,0.0,0.0,0.0
TOYOTA,COROLLA G TOURING,1,3200000.0,3200000.0,3200000.0,0.0,2002,2002,0.0,0.0,0.0
TOYOTA,COROLLA GL WAGON EE 98 V,1,1650000.0,1650000.0,1650000.0,0.0,1991,1991,0.0,0.0,0.0
TOYOTA,COROLLA KE 74,1,700000.0,700000.0,700000.0,0.0,1985,1985,0.0,0.0,0.0
TOYOTA,COROLLA KE50,1,1270000.0,1270000.0,1270000.0,0.0,1976,1976,0.0,0.0,0.0
TOYOTA,COROLLA KE70,1,750000.0,750000.0,750000.0,0.0,1979,1979,0.0,0.0,0.0
TOYOTA,COROLLA KE72 DX WAGON,1,1090000.0,1090000.0,1090000.0,0.0,1989,1989,0.0,0.0,0.0
TOYOTA,COROLLA KE74,1,900000.0,900000.0,900000.0,0.0,1986,1986,0.0,0.0,0.0
TOYOTA,COROLLA LIMITED,1,2250000.0,2250000.0,2250000.0,0.0,1993,1993,0.0,0.0,0.0
TOYOTA,COROLLA LX,1,2600000.0,2600000.0,2600000.0,0.0,1997,1997,0.0,0.0,0.0
TOYOTA,COROLLA NZE121,1,5600000.0,5600000.0,5600000.0,0.0,2002,2002,0.0,0.0,0.0
TOYOTA,COROLLA SAI,1,8950000.0,8950000.0,8950000.0,0.0,2010,2010,0.0,0.0,0.0
TOYOTA,COROLLA WAGON 103,1,3100000.0,3100000.0,3100000.0,0.0,1997,1997,0.0,0.0,0.0
TOYOTA,COROLLA WAGON CE 108,1,2590000.0,2590000.0,2590000.0,0.0,1998,1998,0.0,0.0,0.0
TOYOTA,COROLLA WAGON CE100,1,3375000.0,3375000.0,3375000.0,0.0,1997,1997,0.0,0.0,0.0
TOYOTA,COROLLA WAGON EE96,1,1590000.0,1590000.0,1590000.0,0.0,1992,1992,0.0,0.0,0.0
TOYOTA,COROLLA WAGON ELEPHANT BACK,1,2690000.0,2690000.0,2690000.0,0.0,2000,2000,0.0,0.0,0.0
TOYOTA,COROLLA WAGON ELEPHANTBACK,1,2690000.0,2690000.0,2690000.0,0.0,2000,2000,0.0,0.0,0.0
TOYOTA,COROLLA XE SALOON,1,2200000.0,2200000.0,2200000.0,0.0,1991,1991,0.0,0.0,0.0
TOYOTA,COROLLANZE121 G GRADE,1,5395000.0,5395000.0,5395000.0,0.0,2001,2001,0.0,0.0,0.0
TOYOTA,CORONA AE170,1,1375000.0,1375000.0,1375000.0,0.0,1989,1989,0.0,0.0,0.0
TOYOTA,CORONA AT 150,1,775000.0,775000.0,775000.0,0.0,1984,1984,0.0,0.0,0.0
TOYOTA,CORONA AT 170,1,1750000.0,1750000.0,1750000.0,0.0,1989,1989,0.0,0.0,0.0
TOYOTA,CORONA AT 190,1,1075000.0,1075000.0,1075000.0,0.0,1995,1995,0.0,0.0,0.0
TOYOTA,CORONA CT 190 JDM,1,1675000.0,1675000.0,1675000.0,0.0,1994,1994,0.0,0.0,0.0
TOYOTA,CORONA ET176V,1,1950000.0,1950000.0,1950000.0,0.0,1991,1991,0.0,0.0,0.0
TOYOTA,CORONA GX SALOON,1,2075000.0,2075000.0,2075000.0,0.0,1991,1991,0.0,0.0,0.0
TOYOTA,CORONA PREMIO 1 8,1,4275000.0,4275000.0,4275000.0,0.0,1999,1999,0.0,0.0,0.0
TOYOTA,CORONA PREMIO AT211,1,3675000.0,3675000.0,3675000.0,0.0,1999,1999,0.0,0.0,0.0
TOYOTA,CORONA RX10,1,1075000.0,1075000.0,1075000.0,0.0,1972,1972,0.0,0.0,0.0
TOYOTA,CORSA COROLLA 2,1,2575000.0,2575000.0,2575000.0,0.0,1999,1999,0.0,0.0,0.0
TOYOTA,CORSA HATCH BACK,1,1525000.0,1525000.0,1525000.0,0.0,1987,1987,0.0,0.0,0.0
TOYOTA,CROWN LS110,1,1950000.0,1950000.0,1950000.0,0.0,1982,1982,0.0,0.0,0.0
TOYOTA,CROWN MS132,1,1990000.0,1990000.0,1990000.0,0.0,1988,1988,0.0,0.0,0.0
TOYOTA,CT 190 CORONA,1,2375000.0,2375000.0,2375000.0,0.0,1993,1993,0.0,0.0,0.0
TOYOTA,CV30,1,1975000.0,1975000.0,1975000.0,0.0,1991,1991,0.0,0.0,0.0
TOYOTA,CV30 VISTA,1,1990000.0,1990000.0,1990000.0,0.0,1991,1991,0.0,0.0,0.0
TOYOTA,CYNOS,1,2950000.0,2950000.0,2950000.0,0.0,1992,1992,0.0,0.0,0.0
TOYOTA,DOLPHIN LH113,1,5850000.0,5850000.0,5850000.0,0.0,1994,1994,0.0,0.0,0.0
TOYOTA,DUET M100,1,2675000.0,2675000.0,2675000.0,0.0,1999,1999,0.0,0.0,0.0
TOYOTA,DX 72,1,840000.0,840000.0,840000.0,0.0,1985,1985,0.0,0.0,0.0
TOYOTA,DX COROLLA KE72 WAGON,1,1090000.0,1090000.0,1090000.0,0.0,1985,1985,0.0,0.0,0.0
TOYOTA,DX COROLLA WAGON,1,950000.0,950000.0,950000.0,0.0,1984,1984,0.0,0.0,0.0
TOYOTA,E AE91 COROLLA,1,1695000.0,1695000.0,1695000.0,0.0,1990,1990,0.0,0.0,0.0
TOYOTA,E96,1,1625000.0,1625000.0,1625000.0,0.0,1989,1989,0.0,0.0,0.0
TOYOTA,EC96,1,1550000.0,1550000.0,1550000.0,0.0,1991,1991,0.0,0.0,0.0
TOYOTA,EE 102 ELEPHANT BACK,1,2100000.0,2100000.0,2100000.0,0.0,1995,1995,0.0,0.0,0.0
TOYOTA,EE 102 WAGON,1,2275000.0,2275000.0,2275000.0,0.0,1997,1997,0.0,0.0,0.0
TOYOTA,EE 90,1,1325000.0,1325000.0,1325000.0,0.0,1989,1989,0.0,0.0,0.0
TOYOTA,EE100,1,1950000.0,1950000.0,1950000.0,0.0,1993,1993,0.0,0.0,0.0
TOYOTA,EE107 WAGON G TOURING,1,2200000.0,2200000.0,2200000.0,0.0,1992,1992,0.0,0.0,0.0
TOYOTA,EE111,1,2750000.0,2750000.0,2750000.0,0.0,1996,1996,0.0,0.0,0.0
TOYOTA,EE96 DX WAGON,1,1495000.0,1495000.0,1495000.0,0.0,1987,1987,0.0,0.0,0.0
TOYOTA,ELEPHANT BACK 106,1,2600000.0,2600000.0,2600000.0,0.0,1997,1997,0.0,0.0,0.0
TOYOTA,ELEPHANT BACK CE106,1,1950000.0,1950000.0,1950000.0,0.0,1992,1992,0.0,0.0,0.0
TOYOTA,EP71 GT GLANZA,1,2700000.0,2700000.0,2700000.0,0.0,1988,1988,0.0,0.0,0.0
TOYOTA,EP71 STARLET,1,1765000.0,1765000.0,1765000.0,0.0,1988,1988,0.0,0.0,0.0
TOYOTA,EXY 10 SERA,1,7800000.0,7800000.0,7800000.0,0.0,1992,1992,0.0,0.0,0.0
TOYOTA,FIAT BRAVA STARLET ENGINE,1,1500000.0,1500000.0,1500000.0,0.0,1996,1996,0.0,0.0,0.0
TOYOTA,GRACIA CAMRY,1,4500000.0,4500000.0,4500000.0,0.0,1999,1999,0.0,0.0,0.0
TOYOTA,IST 110 G GRADE,1,7300000.0,7300000.0,7300000.0,0.0,2008,2008,0.0,0.0,0.0
TOYOTA,IST NCP 60,1,5200000.0,5200000.0,5200000.0,0.0,2003,2003,0.0,0.0,0.0
TOYOTA,KA72,1,725000.0,725000.0,725000.0,0.0,1984,1984,0.0,0.0,0.0
TOYOTA,KE 74 COROLLA,1,1425000.0,1425000.0,1425000.0,0.0,1986,1986,0.0,0.0,0.0
TOYOTA,KE20,1,580000.0,580000.0,580000.0,0.0,1980,1980,0.0,0.0,0.0
TOYOTA,KE50,1,265000.0,265000.0,265000.0,0.0,1980,1980,0.0,0.0,0.0
TOYOTA,KE70,1,575000.0,575000.0,575000.0,0.0,1981,1981,0.0,0.0,0.0
TOYOTA,KE72 DX WAGON,1,1290000.0,1290000.0,1290000.0,0.0,1987,1987,0.0,0.0,0.0
TOYOTA,KE72V DX WAGON,1,1225000.0,1225000.0,1225000.0,0.0,1985,1985,0.0,0.0,0.0
TOYOTA,KE74 DX WAGON,1,850000.0,850000.0,850000.0,0.0,1986,1986,0.0,0.0,0.0
TOYOTA,LADA RIVA,1,375000.0,375000.0,375000.0,0.0,1986,1986,0.0,0.0,0.0
TOYOTA,LEVIN GT APEX,1,3600000.0,3600000.0,3600000.0,0.0,1993,1993,0.0,0.0,0.0
TOYOTA,LS130 CROWN,1,3850000.0,3850000.0,3850000.0,0.0,1995,1995,0.0,0.0,0.0
TOYOTA,MARK 2 GX110,1,5400000.0,5400000.0,5400000.0,0.0,2000,2000,0.0,0.0,0.0
TOYOTA,MARK 2 GX110 ANNIVERSARY,1,5950000.0,5950000.0,5950000.0,0.0,2001,2001,0.0,0.0,0.0
TOYOTA,NZE121,1,5300000.0,5300000.0,5300000.0,0.0,2000,2000,0.0,0.0,0.0
TOYOTA,NZE240 ALLION,1,6750000.0,6750000.0,6750000.0,0.0,2003,2003,0.0,0.0,0.0
TOYOTA,PASSO BOON,1,6900000.0,6900000.0,6900000.0,0.0,2016,2016,0.0,0.0,0.0
TOYOTA,PASSO KGC 30 HANA,1,1775000.0,1775000.0,1775000.0,0.0,2010,2010,0.0,0.0,0.0
TOYOTA,PASSO KGC10,1,4525000.0,4525000.0,4525000.0,0.0,2007,2007,0.0,0.0,0.0
TOYOTA,PASSO RACY,1,4950000.0,4950000.0,4950000.0,0.0,2009,2009,0.0,0.0,0.0
TOYOTA,PASSO SAFETY EDITION,1,7390000.0,7390000.0,7390000.0,0.0,2016,2016,0.0,0.0,0.0
TOYOTA,PIXIS EPOCH,1,7100000.0,7100000.0,7100000.0,0.0,2018,2018,0.0,0.0,0.0
TOYOTA,PREMIO 240 G,1,7100000.0,7100000.0,7100000.0,0.0,2003,2003,0.0,0.0,0.0
TOYOTA,PREMIO CT210,1,3395000.0,3395000.0,3395000.0,0.0,1999,1999,0.0,0.0,0.0
TOYOTA,PREMIO G,1,13950000.0,13950000.0,13950000.0,0.0,2014,2014,0.0,0.0,0.0
TOYOTA,PREMIO NZT260 G SUPERIOR,1,17850000.0,17850000.0,17850000.0,0.0,2018,2018,0.0,0.0,0.0
TOYOTA,PRIUS 2ND GENERATION,1,5890000.0,5890000.0,5890000.0,0.0,2007,2007,0.0,0.0,0.0
TOYOTA,PRIUS 3RD,1,9000000.0,9000000.0,9000000.0,0.0,2012,2012,0.0,0.0,0.0
TOYOTA,PRIUS 3RD GEN,1,9350000.0,9350000.0,9350000.0,0.0,2011,2011,0.0,0.0,0.0
TOYOTA,PRIUS 3RD GENERATION,1,9750000.0,9750000.0,9750000.0,0.0,2014,2014,0.0,0.0,0.0
TOYOTA,PRIUS 3RD GENERATION S GRADE,1,10200000.0,10200000.0,10200000.0,0.0,2013,2013,0.0,0.0,0.0
TOYOTA,PRIUS 4TH,1,16950000.0,16950000.0,16950000.0,0.0,2016,2016,0.0,0.0,0.0
TOYOTA,PRIUS ANNIVERSARY,1,6575000.0,6575000.0,6575000.0,0.0,2008,2008,0.0,0.0,0.0
TOYOTA,PRIUS C AQUA,1,8200000.0,8200000.0,8200000.0,0.0,2014,2014,0.0,0.0,0.0
TOYOTA,PRIUS MY COORDINATION S TOURING,1,10350000.0,10350000.0,10350000.0,0.0,2014,2014,0.0,0.0,0.0
TOYOTA,PRIUS MY CORD EDITION S GRADE,1,9150000.0,9150000.0,9150000.0,0.0,2012,2012,0.0,0.0,0.0
TOYOTA,PRIUS PHV,1,10700000.0,10700000.0,10700000.0,0.0,2013,2013,0.0,0.0,0.0
TOYOTA,PRIUS S,1,9250000.0,9250000.0,9250000.0,0.0,2011,2011,0.0,0.0,0.0
TOYOTA,PRIUS S LIMITED LED,1,10200000.0,10200000.0,10200000.0,0.0,2012,2012,0.0,0.0,0.0
TOYOTA,PRIUS S TOURING LIMITED,1,9495000.0,9495000.0,9495000.0,0.0,2011,2011,0.0,0.0,0.0
TOYOTA,PRIUS ZVW30,1,9975000.0,9975000.0,9975000.0,0.0,2012,2012,0.0,0.0,0.0
TOYOTA,PRIUS ZVW50,1,17075000.0,17075000.0,17075000.0,0.0,2016,2016,0.0,0.0,0.0
TOYOTA,ROOMY LED,1,9750000.0,9750000.0,9750000.0,0.0,2020,2020,0.0,0.0,0.0
TOYOTA,SCP90 VITZ,1,6020000.0,6020000.0,6020000.0,0.0,2008,2008,0.0,0.0,0.0
TOYOTA,SPRINTER 110,1,2875000.0,2875000.0,2875000.0,0.0,1996,1996,0.0,0.0,0.0
TOYOTA,SPRINTER 110 VINTAGE,1,3090000.0,3090000.0,3090000.0,0.0,1997,1997,0.0,0.0,0.0
TOYOTA,SPRINTER 110 XE VINTAGE,1,3200000.0,3200000.0,3200000.0,0.0,1997,1997,0.0,0.0,0.0
TOYOTA,SPRINTER 111,1,3000000.0,3000000.0,3000000.0,0.0,2000,2000,0.0,0.0,0.0
TOYOTA,SPRINTER AE110,1,3150000.0,3150000.0,3150000.0,0.0,1998,1998,0.0,0.0,0.0
TOYOTA,SPRINTER VINTAGE,1,3050000.0,3050000.0,3050000.0,0.0,1997,1997,0.0,0.0,0.0
TOYOTA,SPRINTER XE VINTAGE AE110,1,3200000.0,3200000.0,3200000.0,0.0,1997,1997,0.0,0.0,0.0
TOYOTA,STARLET EP71 GLANZA,1,2700000.0,2700000.0,2700000.0,0.0,1990,1990,0.0,0.0,0.0
TOYOTA,STARLET EP71 TURBO,1,2675000.0,2675000.0,2675000.0,0.0,1985,1985,0.0,0.0,0.0
TOYOTA,STARLET EP71XL,1,1750000.0,1750000.0,1750000.0,0.0,1989,1989,0.0,0.0,0.0
TOYOTA,STARLET EP76,1,975000.0,975000.0,975000.0,0.0,1988,1988,0.0,0.0,0.0
TOYOTA,STARLET GT TURBO,1,4750000.0,4750000.0,4750000.0,0.0,1995,1995,0.0,0.0,0.0
TOYOTA,STARLET KP61,1,1350000.0,1350000.0,1350000.0,0.0,1984,1984,0.0,0.0,0.0
TOYOTA,STARLET NP90 GLANZA V,1,4500000.0,4500000.0,4500000.0,0.0,1997,1997,0.0,0.0,0.0
TOYOTA,STARLET NP90 REFLET F,1,3650000.0,3650000.0,3650000.0,0.0,1997,1997,0.0,0.0,0.0
TOYOTA,SUNNY SUPER SALOON,1,1675000.0,1675000.0,1675000.0,0.0,1989,1989,0.0,0.0,0.0
TOYOTA,SX 90,1,2875000.0,2875000.0,2875000.0,0.0,1996,1996,0.0,0.0,0.0
TOYOTA,TANK GS,1,8650000.0,8650000.0,8650000.0,0.0,2017,2017,0.0,0.0,0.0
TOYOTA,TANK GS LIMITED,1,8950000.0,8950000.0,8950000.0,0.0,2017,2017,0.0,0.0,0.0
TOYOTA,TANK GT CUSTOM,1,9550000.0,9550000.0,9550000.0,0.0,2018,2018,0.0,0.0,0.0
TOYOTA,TERCEL COROLLA,1,2950000.0,2950000.0,2950000.0,0.0,1997,1997,0.0,0.0,0.0
TOYOTA,TOYOTO,1,795000.0,795000.0,795000.0,0.0,1991,1991,0.0,0.0,0.0
TOYOTA,TRUENO AE91,1,3650000.0,3650000.0,3650000.0,0.0,1987,1987,0.0,0.0,0.0
TOYOTA,VEROSSA,1,5500000.0,5500000.0,5500000.0,0.0,2003,2003,0.0,0.0,0.0
TOYOTA,VIOS BELTA,1,6575000.0,6575000.0,6575000.0,0.0,2007,2007,0.0,0.0,0.0
TOYOTA,VIOS BELTA YARIS BODY,1,5875000.0,5875000.0,5875000.0,0.0,2007,2007,0.0,0.0,0.0
TOYOTA,VIOS E GRADE,1,5250000.0,5250000.0,5250000.0,0.0,2004,2004,0.0,0.0,0.0
TOYOTA,VITZ 8,1,5750000.0,5750000.0,5750000.0,0.0,2008,2008,0.0,0.0,0.0
TOYOTA,VITZ EDITION,1,8500000.0,8500000.0,8500000.0,0.0,2017,2017,0.0,0.0,0.0
TOYOTA,VITZ EDITION 2 SAFETY,1,8990000.0,8990000.0,8990000.0,0.0,2018,2018,0.0,0.0,0.0
TOYOTA,VITZ EDITION 3S,1,9575000.0,9575000.0,9575000.0,0.0,2019,2019,0.0,0.0,0.0
TOYOTA,VITZ ILL,1,6590000.0,6590000.0,6590000.0,0.0,2012,2012,0.0,0.0,0.0
TOYOTA,VITZ KSP 99,1,5325000.0,5325000.0,5325000.0,0.0,2007,2007,0.0,0.0,0.0
TOYOTA,VITZ KSP130 EDITION 2,1,8975000.0,8975000.0,8975000.0,0.0,2018,2018,0.0,0.0,0.0
TOYOTA,VITZ RS TURBO,1,5590000.0,5590000.0,5590000.0,0.0,2003,2003,0.0,0.0,0.0
TOYOTA,VITZ SAFETY CBG CAR,1,7350000.0,7350000.0,7350000.0,0.0,2016,2016,0.0,0.0,0.0
TOYOTA,VITZ SAFETY EDITION 1,1,8100000.0,8100000.0,8100000.0,0.0,2017,2017,0.0,0.0,0.0
TOYOTA,VITZ SAFETY PACK,1,7395000.0,7395000.0,7395000.0,0.0,2016,2016,0.0,0.0,0.0
TOYOTA,VITZ SAFFTY EDITION 2,1,8500000.0,8500000.0,8500000.0,0.0,2018,2018,0.0,0.0,0.0
TOYOTA,VITZ SCP 10,1,3985000.0,3985000.0,3985000.0,0.0,2001,2001,0.0,0.0,0.0
TOYOTA,WAGON,1,795000.0,795000.0,795000.0,0.0,1990,1990,0.0,0.0,0.0
TOYOTA,WAGON KE72,1,700000.0,700000.0,700000.0,0.0,1985,1985,0.0,0.0,0.0
TOYOTA,WAGON R PIXIS MEGA,1,6990000.0,6990000.0,6990000.0,0.0,2018,2018,0.0,0.0,0.0
TOYOTA,XE COROLLA 110,1,4250000.0,4250000.0,4250000.0,0.0,1999,1999,0.0,0.0,0.0
TOYOTA,YARIS ATIV G GRADE,1,12900000.0,12900000.0,12900000.0,0.0,2019,2019,0.0,0.0,0.0
TOYOTA,YARIS G GRADE,1,9650000.0,9650000.0,9650000.0,0.0,2014,2014,0.0,0.0,0.0
TOYOTA,YARIS VVTI,1,7990000.0,7990000.0,7990000.0,0.0,2012,2012,0.0,0.0,0.0
VOLKSWAGEN,BEETLE,1,900000.0,900000.0,900000.0,0.0,1969,1969,0.0,0.0,0.0
VOLKSWAGEN,LEAF POLO E-UP,1,6475000.0,6475000.0,6475000.0,0.0,2019,2019,0.0,0.0,0.0
VOLKSWAGEN,PASSAT 1.8,1,2275000.0,2275000.0,2275000.0,0.0,2001,2001,0.0,0.0,0.0
VOLKSWAGEN,PASSAT B5.5 TURBO,1,2450000.0,2450000.0,2450000.0,0.0,2002,2002,0.0,0.0,0.0
VOLKSWAGEN,POLO GT,1,7000000.0,7000000.0,7000000.0,0.0,2015,2015,0.0,0.0,0.0
VOLKSWAGEN,TIGUAN ALLSPACE,1,24000000.0,24000000.0,24000000.0,0.0,2018,2018,0.0,0.0,0.0
VOLVO,740 GLE,1,950000.0,950000.0,950000.0,0.0,1990,1990,0.0,0.0,0.0
VOLVO,740 HEARSE,1,6000000.0,6000000.0,6000000.0,0.0,1995,1995,0.0,0.0,0.0
VOLVO,940,1,1375000.0,1375000.0,1375000.0,0.0,1995,1995,0.0,0.0,0.0
VOLVO,940 GLE TURBO,1,2500000.0,2500000.0,2500000.0,0.0,1996,1996,0.0,0.0,0.0
VOLVO,S70,1,3200000.0,3200000.0,3200000.0,0.0,2000,2000,0.0,0.0,0.0
VOLVO,V70 HEARSE,1,8500000.0,8500000.0,8500000.0,0.0,2000,2000,0.0,0.0,0.0
VOLVO,VOLVO,1,750000.0,750000.0,750000.0,0.0,1996,1996,0.0,0.0,0.0
WILLYS,AMERICAN WILLYS,1,3950000.0,3950000.0,3950000.0,0.0,1962,1962,0.0,0.0,0.0
WILLYS,CJ7,1,2100000.0,2100000.0,2100000.0,0.0,1981,1981,0.0,0.0,0.0
